{
  "dataset": "DDTI",
  "num_samples": 127,
  "mean_dice": 0.3700576728626015,
  "std_dice": 0.22838337695404,
  "mean_jaccard": 0.2519771436565761,
  "std_jaccard": 0.17957285244779161,
  "mean_precision": 0.9297979680571969,
  "std_precision": 0.09362387011397305,
  "mean_recall": 0.2668397269467457,
  "std_recall": 0.19680937479674065,
  "mean_sensitivity": 0.2668397269467457,
  "std_sensitivity": 0.19680937479674065,
  "mean_f1": 0.37005767210819357,
  "std_f1": 0.22838337522408847,
  "mean_bce": 0.0492244050948052,
  "std_bce": 0.020871145636785285,
  "dice_5pct_low": 0.020656389463692915,
  "jaccard_5pct_low": 0.010452703945338732,
  "f1_5pct_low": 0.02065639011561872,
  "sensitivity_5pct_low": 0.010452703945338732,
  "total_time_sec": 127.88793326700034,
  "avg_inference_time_ms": 57.11370295271833,
  "avg_data_time_ms": 0.8201399447619145,
  "avg_ood_time_ms": 0.002529307085916209,
  "avg_metrics_time_ms": 4.078939999934968,
  "avg_post_time_ms": 0.041818866019474536,
  "throughput_samples_per_sec": 0.993056942556523,
  "eval_config": {
    "mode": "baseline",
    "eval_batch": 1,
    "eval_batch_source": "autobatch",
    "eval_workers": 16,
    "eval_prefetch": 4,
    "autobatch_probe_tput": 17.108121497453613,
    "autobatch_reason": "ok",
    "autobatch_raw_batch": 1,
    "autobatch_max_stable": 16,
    "autobatch_safety": 1.0,
    "baseline_cache_model_hash": "a4e156790b9cf939",
    "baseline_cache_hits": 69,
    "baseline_cache_misses": 58
  },
  "bottleneck_component": "inference",
  "bottleneck_component_ratio": 0.056717159232307926
}