{
  "dataset": "DDTI",
  "num_samples": 101,
  "mean_dice": 0.7474084166016909,
  "std_dice": 0.2104641772313369,
  "mean_jaccard": 0.6326089604656295,
  "std_jaccard": 0.21705406626236098,
  "mean_precision": 0.7039390753696461,
  "std_precision": 0.24784248756744465,
  "mean_recall": 0.8499702716817951,
  "std_recall": 0.1629004482100617,
  "mean_sensitivity": 0.8499702716817951,
  "std_sensitivity": 0.1629004482100617,
  "mean_f1": 0.7474084086347335,
  "std_f1": 0.2104641776397542,
  "mean_bce": 0.04862386260485959,
  "std_bce": 0.14654510680887797,
  "mean_ece": 0.02305562682115556,
  "std_ece": 0.09354007488333344,
  "dice_1pct_low": 0.0,
  "jaccard_1pct_low": 0.0,
  "f1_1pct_low": 0.0,
  "sensitivity_1pct_low": 0.0,
  "total_time_sec": 528.7501309579966,
  "avg_inference_time_ms": 5116.754431861174,
  "avg_data_time_ms": 0.053514494637884935,
  "avg_ood_time_ms": 0.6771618121425796,
  "avg_metrics_time_ms": 30.250895376222687,
  "avg_post_time_ms": 0.6905308412272704,
  "throughput_samples_per_sec": 0.19101650115340274,
  "mean_uncertainty": 0.031024465713152052,
  "std_uncertainty": 0.09778762335376495,
  "eval_config": {
    "mode": "ood_tta_tta",
    "eval_batch": 2,
    "eval_batch_source": "autobatch",
    "eval_workers": 16,
    "eval_prefetch": 4
  },
  "bottleneck_component": "inference",
  "bottleneck_component_ratio": 0.9773845288352887,
  "ood_threshold": 0.5,
  "ood_method": "entropy"
}