{
  "dataset": "DDTI",
  "num_samples": 127,
  "mean_dice": 0.9223426495950053,
  "std_dice": 0.03348720251026333,
  "mean_jaccard": 0.8576026502556688,
  "std_jaccard": 0.05557859117023821,
  "mean_precision": 0.8883962987914799,
  "std_precision": 0.061666060325077404,
  "mean_recall": 0.9622194091166099,
  "std_recall": 0.023505019435236703,
  "mean_sensitivity": 0.9622194091166099,
  "std_sensitivity": 0.023505019435236703,
  "mean_f1": 0.9223426477176937,
  "std_f1": 0.03348720190570896,
  "mean_bce": 0.024458231505255883,
  "std_bce": 0.02314919122771276,
  "dice_5pct_low": 0.8594295799732208,
  "jaccard_5pct_low": 0.753509920835495,
  "f1_5pct_low": 0.8594295978546143,
  "sensitivity_5pct_low": 0.9189868569374084,
  "total_time_sec": 107.06783827000072,
  "avg_inference_time_ms": 718.2965124252584,
  "avg_data_time_ms": 0.3040983307488835,
  "avg_ood_time_ms": 2.988970732326916,
  "avg_metrics_time_ms": 6.578307464524832,
  "avg_post_time_ms": 0.02715229129535146,
  "throughput_samples_per_sec": 1.1861638569720152,
  "mean_uncertainty": 0.024009414448028826,
  "std_uncertainty": 0.02212357742227894,
  "eval_config": {
    "mode": "ood_tta_tta",
    "eval_batch": 1,
    "eval_batch_source": "autobatch",
    "eval_workers": 16,
    "eval_prefetch": 4,
    "autobatch_probe_tput": 22.972133876912796,
    "autobatch_reason": "ok",
    "autobatch_raw_batch": 2,
    "autobatch_max_stable": 4,
    "autobatch_safety": 0.9,
    "tta_cache_model_hash": "1fd1b49c8bd21d7e",
    "tta_cache_aug_set": "none,hflip,vflip,hvflip,rotate_90,rotate_270",
    "tta_cache_fusion": "entropy_weighted",
    "tta_cache_hits": 0,
    "tta_cache_misses": 127,
    "tta_unc_cache_hits": 0,
    "baseline_cache_model_hash": "1fd1b49c8bd21d7e",
    "baseline_cache_hits": 0,
    "baseline_cache_misses": 127
  },
  "bottleneck_component": "inference",
  "bottleneck_component_ratio": 0.8520173616278917,
  "ood_threshold": 0.5,
  "ood_method": "entropy"
}