{
  "dataset": "DDTI",
  "num_samples": 101,
  "mean_dice": 0.32381414822971283,
  "std_dice": 0.22553271188470392,
  "mean_jaccard": 0.2156785707845869,
  "std_jaccard": 0.16816261518786857,
  "mean_precision": 0.7644336656621187,
  "std_precision": 0.2987711251834049,
  "mean_recall": 0.3030999285269224,
  "std_recall": 0.26435389377112534,
  "mean_sensitivity": 0.3030999285269224,
  "std_sensitivity": 0.26435389377112534,
  "mean_f1": 0.3238141495679127,
  "std_f1": 0.22553271212024203,
  "mean_bce": 0.11241555935011642,
  "std_bce": 0.2780903662398342,
  "mean_hd95": 100.08219815244769,
  "std_hd95": 237.2567492579892,
  "mean_assd": 65.14410473568604,
  "std_assd": 242.09318762799376,
  "mean_ece": 0.05968672535981577,
  "std_ece": 0.12351125480419133,
  "total_time_sec": 22.65274331799992,
  "avg_inference_time_ms": 8.54141413857169,
  "avg_data_time_ms": 2.5832381683592236,
  "avg_ood_time_ms": 0.0031146831557040547,
  "avg_metrics_time_ms": 194.06965451483725,
  "avg_post_time_ms": 1.1361629702979272,
  "throughput_samples_per_sec": 4.458621129554104,
  "bottleneck_component": "metrics",
  "bottleneck_component_ratio": 0.8652830622251185
}