{
  "dataset": "DDTI",
  "num_samples": 101,
  "mean_dice": 0.747375973232902,
  "std_dice": 0.2104654394147692,
  "mean_jaccard": 0.6325640550786906,
  "std_jaccard": 0.21703599744635102,
  "mean_precision": 0.7039816301352907,
  "std_precision": 0.24786151936761325,
  "mean_recall": 0.8498114282541936,
  "std_recall": 0.1628800102349837,
  "mean_sensitivity": 0.8498114282541936,
  "std_sensitivity": 0.1628800102349837,
  "mean_f1": 0.7473759770688444,
  "std_f1": 0.21046544541208678,
  "mean_bce": 0.0486246257729939,
  "std_bce": 0.14655384494836976,
  "mean_ece": 0.023055092146906007,
  "std_ece": 0.09354033283186884,
  "total_time_sec": 6.2732535750000125,
  "avg_inference_time_ms": 11.907359643566117,
  "avg_data_time_ms": 0.47169812872126193,
  "avg_ood_time_ms": 1.7741006732628852,
  "avg_metrics_time_ms": 10.357451128717038,
  "avg_post_time_ms": 0.03071909901170176,
  "throughput_samples_per_sec": 16.10009842460414,
  "mean_uncertainty": 0.031024506617577212,
  "std_uncertainty": 0.09779155462038731,
  "eval_config": {
    "mode": "ood_tta_tta",
    "eval_batch": 1,
    "eval_batch_source": "autobatch",
    "eval_workers": 16,
    "eval_prefetch": 4,
    "autobatch_probe_tput": 22.98576964793862,
    "autobatch_reason": "ok",
    "autobatch_raw_batch": 1,
    "autobatch_max_stable": 4,
    "autobatch_safety": 1.0,
    "tta_cache_model_hash": "0072d566130aa5a4",
    "tta_cache_aug_set": "none,hflip,vflip,hvflip,rotate_90,rotate_270",
    "tta_cache_fusion": "entropy_weighted",
    "tta_cache_hits": 101,
    "tta_cache_misses": 0,
    "tta_unc_cache_hits": 101,
    "baseline_cache_model_hash": "0072d566130aa5a4",
    "baseline_cache_hits": 101,
    "baseline_cache_misses": 0
  },
  "bottleneck_component": "inference",
  "bottleneck_component_ratio": 0.1917096622385738,
  "ood_threshold": 0.5,
  "ood_method": "entropy",
  "dice_5pct_low": 0.2792002558708191,
  "jaccard_5pct_low": 0.16225028038024902,
  "f1_5pct_low": 0.2792002260684967,
  "sensitivity_5pct_low": 0.7078582644462585
}
