{
  "dataset": "DDTI",
  "num_samples": 101,
  "mean_dice": 0.32381414822971283,
  "std_dice": 0.22553271188470392,
  "mean_jaccard": 0.2156785707845869,
  "std_jaccard": 0.16816261518786857,
  "mean_precision": 0.7644336656621187,
  "std_precision": 0.2987711251834049,
  "mean_recall": 0.3030999285269224,
  "std_recall": 0.26435389377112534,
  "mean_sensitivity": 0.3030999285269224,
  "std_sensitivity": 0.26435389377112534,
  "mean_f1": 0.3238141495679127,
  "std_f1": 0.22553271212024203,
  "mean_bce": 0.11241555811450032,
  "std_bce": 0.2780903593761345,
  "mean_ece": 0.05968672716713483,
  "std_ece": 0.12351126137929345,
  "dice_1pct_low": 0.0,
  "jaccard_1pct_low": 0.0,
  "f1_1pct_low": 0.0,
  "sensitivity_1pct_low": 0.0,
  "total_time_sec": 36.9882193049998,
  "avg_inference_time_ms": 9.217532167769045,
  "avg_data_time_ms": 0.2317782572129428,
  "avg_ood_time_ms": 0.0017264850396146575,
  "avg_metrics_time_ms": 25.153270892344764,
  "avg_post_time_ms": 0.8428300107601053,
  "throughput_samples_per_sec": 2.730599144748435,
  "eval_config": {
    "mode": "baseline",
    "eval_batch": 2,
    "eval_batch_source": "autobatch",
    "eval_workers": 16,
    "eval_prefetch": 4
  },
  "bottleneck_component": "metrics",
  "bottleneck_component_ratio": 0.06868349998626232
}