{
  "dataset": "DDTI",
  "num_samples": 127,
  "mean_dice": 0.9288059979911865,
  "std_dice": 0.027589657271986458,
  "mean_jaccard": 0.8682832088996106,
  "std_jaccard": 0.04693302818024438,
  "mean_precision": 0.9189234587151235,
  "std_precision": 0.049881001504380705,
  "mean_recall": 0.941126148531756,
  "std_recall": 0.02896443051017309,
  "mean_sensitivity": 0.941126148531756,
  "std_sensitivity": 0.02896443051017309,
  "mean_f1": 0.9288059993991702,
  "std_f1": 0.02758966046407712,
  "mean_bce": 0.03291114427398626,
  "std_bce": 0.04439665266549634,
  "dice_5pct_low": 0.8810225546360015,
  "jaccard_5pct_low": 0.7873534977436065,
  "f1_5pct_low": 0.881022596359253,
  "sensitivity_5pct_low": 0.8918256223201751,
  "total_time_sec": 112.66609423000045,
  "avg_inference_time_ms": 82.78420982674643,
  "avg_data_time_ms": 0.32761907885029845,
  "avg_ood_time_ms": 4.093020724420373,
  "avg_metrics_time_ms": 6.834717228351891,
  "avg_post_time_ms": 0.029051433077657698,
  "throughput_samples_per_sec": 1.1272246621129673,
  "mean_ood_score": 0.011700089274736957,
  "std_ood_score": 0.006989356640604725,
  "num_ood_detected": 0,
  "ood_ratio": 0.0,
  "eval_config": {
    "mode": "ood_tta_ood",
    "eval_batch": 1,
    "eval_batch_source": "autobatch",
    "eval_workers": 16,
    "eval_prefetch": 4,
    "autobatch_probe_tput": 15.245090556771405,
    "autobatch_reason": "ok",
    "autobatch_raw_batch": 2,
    "autobatch_max_stable": 4,
    "autobatch_safety": 0.9,
    "tta_cache_model_hash": "51450c6a3df26394",
    "tta_cache_aug_set": "none,hflip,vflip,hvflip,rotate_90,rotate_270",
    "tta_cache_fusion": "entropy_weighted",
    "tta_cache_hits": 0,
    "tta_cache_misses": 127,
    "tta_unc_cache_hits": 0,
    "baseline_cache_model_hash": "51450c6a3df26394",
    "baseline_cache_hits": 0,
    "baseline_cache_misses": 127
  },
  "bottleneck_component": "inference",
  "bottleneck_component_ratio": 0.09331640295024324,
  "ood_threshold": 0.5,
  "ood_method": "entropy"
}