{
  "dataset": "DDTI",
  "num_samples": 101,
  "mean_dice": 0.7290512906147701,
  "std_dice": 0.21506649834226393,
  "mean_jaccard": 0.6104973135608258,
  "std_jaccard": 0.22127697176054648,
  "mean_precision": 0.6717385500669479,
  "std_precision": 0.2563922169948826,
  "mean_recall": 0.8794955103704245,
  "std_recall": 0.17289980239047628,
  "mean_sensitivity": 0.8794955103704245,
  "std_sensitivity": 0.17289980239047628,
  "mean_f1": 0.7290512928278139,
  "std_f1": 0.21506650239553882,
  "mean_bce": 0.0586362164675046,
  "std_bce": 0.1471758698246129,
  "mean_ece": 0.024803735072883585,
  "std_ece": 0.09066908536843987,
  "dice_1pct_low": 0.0,
  "jaccard_1pct_low": 0.0,
  "f1_1pct_low": 0.0,
  "sensitivity_1pct_low": 0.0,
  "total_time_sec": 528.7501309579966,
  "avg_inference_time_ms": 54.10667992093817,
  "avg_data_time_ms": 0.053514494637884935,
  "avg_ood_time_ms": 0.6771618121425796,
  "avg_metrics_time_ms": 30.250895376222687,
  "avg_post_time_ms": 0.6905308412272704,
  "throughput_samples_per_sec": 0.19101650115340274,
  "mean_ood_score": 0.032903612644347074,
  "std_ood_score": 0.10150260292090735,
  "num_ood_detected": 3,
  "ood_ratio": 0.0297029702970297,
  "eval_config": {
    "mode": "ood_tta_ood",
    "eval_batch": 2,
    "eval_batch_source": "autobatch",
    "eval_workers": 16,
    "eval_prefetch": 4
  },
  "bottleneck_component": "inference",
  "bottleneck_component_ratio": 0.010335268687524678,
  "ood_threshold": 0.5,
  "ood_method": "entropy"
}