{
  "dataset": "DDTI",
  "num_samples": 101,
  "mean_dice": 0.8488165396865052,
  "std_dice": 0.17001213703188087,
  "mean_jaccard": 0.7622989079739788,
  "std_jaccard": 0.17266618406641662,
  "mean_precision": 0.8485526109095847,
  "std_precision": 0.17937380965181213,
  "mean_recall": 0.8587684495614307,
  "std_recall": 0.16897570721281108,
  "mean_sensitivity": 0.8587684495614307,
  "std_sensitivity": 0.16897570721281108,
  "mean_f1": 0.8488165414569402,
  "std_f1": 0.17001213666024104,
  "mean_bce": 0.009469285927194603,
  "std_bce": 0.010043560996273754,
  "mean_hd95": 17.89303950508042,
  "std_hd95": 13.2557570538259,
  "mean_assd": 6.342419487414974,
  "std_assd": 4.228341479034612,
  "mean_ece": 0.0021153049760762248,
  "std_ece": 0.002866786922585274,
  "total_time_sec": 450.707343692,
  "avg_inference_time_ms": 78.0535019902264,
  "avg_data_time_ms": 0.6470433168348367,
  "avg_ood_time_ms": 1.1886868613704664,
  "avg_metrics_time_ms": 268.0860681980583,
  "avg_post_time_ms": 1.3655229108690488,
  "throughput_samples_per_sec": 0.22409219954716425,
  "mean_ood_score": 0.0077876455666093065,
  "std_ood_score": 0.006063572369728818,
  "num_ood_detected": 0,
  "ood_ratio": 0.0,
  "bottleneck_component": "metrics",
  "bottleneck_component_ratio": 0.060075996690453964
}