{
  "dataset": "DDTI",
  "num_samples": 101,
  "mean_dice": 0.7290512906147701,
  "std_dice": 0.21506649834226393,
  "mean_jaccard": 0.6104973135608258,
  "std_jaccard": 0.22127697176054648,
  "mean_precision": 0.6717385500669479,
  "std_precision": 0.2563922169948826,
  "mean_recall": 0.8794955103704245,
  "std_recall": 0.17289980239047628,
  "mean_sensitivity": 0.8794955103704245,
  "std_sensitivity": 0.17289980239047628,
  "mean_f1": 0.7290512928278139,
  "std_f1": 0.21506650239553882,
  "mean_bce": 0.05863621662426187,
  "std_bce": 0.1471758640908259,
  "mean_ece": 0.024803734082200723,
  "std_ece": 0.0906690827458799,
  "total_time_sec": 5.2982186190000675,
  "avg_inference_time_ms": 10.648159237621933,
  "avg_data_time_ms": 0.10417620791877828,
  "avg_ood_time_ms": 0.5920454059400756,
  "avg_metrics_time_ms": 4.6050646039581205,
  "avg_post_time_ms": 0.02683960396309588,
  "throughput_samples_per_sec": 19.06301103503006,
  "mean_ood_score": 0.032903612582105224,
  "std_ood_score": 0.10150260292379405,
  "num_ood_detected": 3,
  "ood_ratio": 0.0297029702970297,
  "eval_config": {
    "mode": "ood_tta_ood",
    "eval_batch": 4,
    "eval_batch_source": "autobatch",
    "eval_workers": 16,
    "eval_prefetch": 4,
    "autobatch_probe_tput": 25.90546942013959,
    "autobatch_reason": "ok",
    "autobatch_raw_batch": 4,
    "autobatch_max_stable": 4,
    "autobatch_safety": 1.0,
    "tta_cache_model_hash": "0072d566130aa5a4",
    "tta_cache_aug_set": "none,hflip,vflip,hvflip,rotate_90,rotate_270",
    "tta_cache_fusion": "entropy_weighted",
    "tta_cache_hits": 101,
    "tta_cache_misses": 0,
    "tta_unc_cache_hits": 101,
    "baseline_cache_model_hash": "0072d566130aa5a4",
    "baseline_cache_hits": 101,
    "baseline_cache_misses": 0
  },
  "bottleneck_component": "inference",
  "bottleneck_component_ratio": 0.20298597704954416,
  "ood_threshold": 0.5,
  "ood_method": "entropy",
  "dice_5pct_low": 0.26617175340652466,
  "jaccard_5pct_low": 0.15351679921150208,
  "f1_5pct_low": 0.26617175340652466,
  "sensitivity_5pct_low": 0.6879616975784302
}
