{
  "dataset": "DDTI",
  "num_samples": 127,
  "mean_dice": 0.7606503602087967,
  "std_dice": 0.07224016203798003,
  "mean_jaccard": 0.6192023702493803,
  "std_jaccard": 0.09383177147173281,
  "mean_precision": 0.8976037952843614,
  "std_precision": 0.06472034484794324,
  "mean_recall": 0.6724138536791163,
  "std_recall": 0.11605830329626714,
  "mean_sensitivity": 0.6724138536791163,
  "std_sensitivity": 0.11605830329626714,
  "mean_f1": 0.7606503611474525,
  "std_f1": 0.07224016259667058,
  "mean_bce": 0.08813206308821994,
  "std_bce": 0.05278078433378735,
  "dice_5pct_low": 0.6430002689361572,
  "jaccard_5pct_low": 0.4738527595996857,
  "f1_5pct_low": 0.6430002689361572,
  "sensitivity_5pct_low": 0.48494067788124084,
  "total_time_sec": 3.7586301659976016,
  "avg_inference_time_ms": 9.576961991831379,
  "avg_data_time_ms": 0.08770792094686283,
  "avg_ood_time_ms": 0.0010062678025918096,
  "avg_metrics_time_ms": 2.903858858390297,
  "avg_post_time_ms": 0.13420109456729543,
  "throughput_samples_per_sec": 33.788905636128774,
  "eval_config": {
    "mode": "baseline",
    "eval_batch": 4,
    "eval_batch_source": "manual",
    "eval_workers": 4,
    "eval_prefetch": 2,
    "autobatch_probe_tput": null,
    "autobatch_reason": "manual_override",
    "autobatch_raw_batch": 4,
    "autobatch_max_stable": null,
    "autobatch_safety": null,
    "baseline_cache_model_hash": "a69d801c5fffda40",
    "baseline_cache_hits": 127,
    "baseline_cache_misses": 0,
    "baseline_input_cache_hits": 0,
    "baseline_input_cache_misses": 0,
    "baseline_input_cache_writes": 0
  },
  "bottleneck_component": "inference",
  "bottleneck_component_ratio": 0.3235950650227824
}