{
  "dataset": "DDTI",
  "num_samples": 101,
  "mean_dice": 0.7290512906147701,
  "std_dice": 0.21506649834226393,
  "mean_jaccard": 0.6104973135608258,
  "std_jaccard": 0.22127697176054648,
  "mean_precision": 0.6717385500669479,
  "std_precision": 0.2563922169948826,
  "mean_recall": 0.8794955103704245,
  "std_recall": 0.17289980239047628,
  "mean_sensitivity": 0.8794955103704245,
  "std_sensitivity": 0.17289980239047628,
  "mean_f1": 0.7290512928278139,
  "std_f1": 0.21506650239553882,
  "mean_bce": 0.05863621671877728,
  "std_bce": 0.14717586978026703,
  "mean_ece": 0.02480373459194999,
  "std_ece": 0.09066908581117399,
  "dice_1pct_low": 0.0,
  "jaccard_1pct_low": 0.0,
  "f1_1pct_low": 0.0,
  "sensitivity_1pct_low": 0.0,
  "total_time_sec": 10.391834131994983,
  "avg_inference_time_ms": 57.86054927724907,
  "avg_data_time_ms": 0.07893039590199617,
  "avg_ood_time_ms": 1.2737033166288685,
  "avg_metrics_time_ms": 5.735887891277533,
  "avg_post_time_ms": 0.02286344605825362,
  "throughput_samples_per_sec": 9.719169755513642,
  "mean_ood_score": 0.032903612644347074,
  "std_ood_score": 0.10150260292090735,
  "num_ood_detected": 3,
  "ood_ratio": 0.0297029702970297,
  "eval_config": {
    "mode": "ood_tta_ood",
    "eval_batch": 2,
    "eval_batch_source": "autobatch",
    "eval_workers": 16,
    "eval_prefetch": 4,
    "autobatch_probe_tput": 26.61330220394426,
    "autobatch_reason": "ok",
    "autobatch_raw_batch": 2,
    "autobatch_max_stable": 4,
    "autobatch_safety": 1.0,
    "tta_cache_model_hash": "0072d566130aa5a4",
    "tta_cache_aug_set": "none,hflip,vflip,hvflip,rotate_90,rotate_270",
    "tta_cache_fusion": "entropy_weighted",
    "tta_cache_hits": 101,
    "tta_cache_misses": 0,
    "tta_unc_cache_hits": 101,
    "baseline_cache_model_hash": "0072d566130aa5a4",
    "baseline_cache_hits": 0,
    "baseline_cache_misses": 101
  },
  "bottleneck_component": "inference",
  "bottleneck_component_ratio": 0.5623565005728459,
  "ood_threshold": 0.5,
  "ood_method": "entropy"
}