{
  "num_samples": 328,
  "num_ood": 0,
  "ood_ratio": 0.0,
  "ood_threshold": 0.5,
  "ood_method": "entropy",
  "eval_stats": {
    "dataset": "DDTI",
    "num_samples": 328,
    "num_ood_detected": 0,
    "ood_ratio": 0.0,
    "mean_ood_score": 0.15813819784671068,
    "std_ood_score": 0.05824545277645974,
    "total_time_sec": 13.647702161004418,
    "avg_inference_time_ms": 16.00486992036877,
    "avg_data_time_ms": 0.04283575934805856,
    "avg_ood_time_ms": 2.615090625201957,
    "throughput_samples_per_sec": 24.03334979988019,
    "bottleneck_component": "inference",
    "bottleneck_component_ratio": 0.3846506372978033
  }
}