{
  "dataset": "DDTI",
  "num_samples": 127,
  "mean_dice": 0.9133241063966526,
  "std_dice": 0.033713697391634274,
  "mean_jaccard": 0.8421878734911521,
  "std_jaccard": 0.055261901659366584,
  "mean_precision": 0.8750051419565997,
  "std_precision": 0.061843115525008464,
  "mean_recall": 0.9587842578024376,
  "std_recall": 0.027581931088764628,
  "mean_sensitivity": 0.9587842578024376,
  "std_sensitivity": 0.027581931088764628,
  "mean_f1": 0.9133241092126201,
  "std_f1": 0.033713699766838134,
  "mean_bce": 0.02870154283999458,
  "std_bce": 0.0294933226510917,
  "dice_5pct_low": 0.8405469596385956,
  "jaccard_5pct_low": 0.7249813616275788,
  "f1_5pct_low": 0.8405469834804535,
  "sensitivity_5pct_low": 0.9078355312347413,
  "total_time_sec": 107.06783827000072,
  "avg_inference_time_ms": 79.46287139368611,
  "avg_data_time_ms": 0.3040983307488835,
  "avg_ood_time_ms": 2.988970732326916,
  "avg_metrics_time_ms": 6.578307464524832,
  "avg_post_time_ms": 0.02715229129535146,
  "throughput_samples_per_sec": 1.1861638569720152,
  "mean_ood_score": 0.024128006631875133,
  "std_ood_score": 0.019755546635851846,
  "num_ood_detected": 0,
  "ood_ratio": 0.0,
  "eval_config": {
    "mode": "ood_tta_ood",
    "eval_batch": 1,
    "eval_batch_source": "autobatch",
    "eval_workers": 16,
    "eval_prefetch": 4,
    "autobatch_probe_tput": 22.972133876912796,
    "autobatch_reason": "ok",
    "autobatch_raw_batch": 2,
    "autobatch_max_stable": 4,
    "autobatch_safety": 0.9,
    "tta_cache_model_hash": "1fd1b49c8bd21d7e",
    "tta_cache_aug_set": "none,hflip,vflip,hvflip,rotate_90,rotate_270",
    "tta_cache_fusion": "entropy_weighted",
    "tta_cache_hits": 0,
    "tta_cache_misses": 127,
    "tta_unc_cache_hits": 0,
    "baseline_cache_model_hash": "1fd1b49c8bd21d7e",
    "baseline_cache_hits": 0,
    "baseline_cache_misses": 127
  },
  "bottleneck_component": "inference",
  "bottleneck_component_ratio": 0.09425598601840594,
  "ood_threshold": 0.5,
  "ood_method": "entropy"
}