{
  "dataset": "DDTI",
  "num_samples": 101,
  "mean_dice": 0.32381414822971283,
  "std_dice": 0.22553271188470392,
  "mean_jaccard": 0.2156785707845869,
  "std_jaccard": 0.16816261518786857,
  "mean_precision": 0.7644336656621187,
  "std_precision": 0.2987711251834049,
  "mean_recall": 0.3030999285269224,
  "std_recall": 0.26435389377112534,
  "mean_sensitivity": 0.3030999285269224,
  "std_sensitivity": 0.26435389377112534,
  "mean_f1": 0.3238141495679127,
  "std_f1": 0.22553271212024203,
  "mean_bce": 0.11241555935011642,
  "std_bce": 0.2780903662398342,
  "mean_hd95": 100.08219815244769,
  "std_hd95": 237.2567492579892,
  "mean_assd": 65.14410473568604,
  "std_assd": 242.09318762799376,
  "mean_ece": 0.05968672535981577,
  "std_ece": 0.12351125480419133,
  "total_time_sec": 21.746543850997114,
  "avg_inference_time_ms": 7.777414416045983,
  "avg_data_time_ms": 1.9993840396637097,
  "avg_ood_time_ms": 0.0024629210895342328,
  "avg_metrics_time_ms": 184.6279384751169,
  "avg_post_time_ms": 1.0363913462773924,
  "throughput_samples_per_sec": 4.644416174451969,
  "bottleneck_component": "metrics",
  "bottleneck_component_ratio": 0.857488983709556
}