{
  "dataset": "DDTI",
  "num_samples": 101,
  "mean_dice": 0.7473726256354021,
  "std_dice": 0.21046199302019605,
  "mean_jaccard": 0.6325587085863151,
  "std_jaccard": 0.2170338915201906,
  "mean_precision": 0.7039756215739958,
  "std_precision": 0.24785810169528885,
  "mean_recall": 0.8498147118209612,
  "std_recall": 0.16288491249031997,
  "mean_sensitivity": 0.8498147118209612,
  "std_sensitivity": 0.16288491249031997,
  "mean_f1": 0.7473726257829383,
  "std_f1": 0.21046199562332038,
  "mean_bce": 0.048626086767993425,
  "std_bce": 0.1465540059868295,
  "mean_ece": 0.023055839060118773,
  "std_ece": 0.09354332900079547,
  "total_time_sec": 5.2982186190000675,
  "avg_inference_time_ms": 9.490628762375652,
  "avg_data_time_ms": 0.10417620791877828,
  "avg_ood_time_ms": 0.5920454059400756,
  "avg_metrics_time_ms": 4.6050646039581205,
  "avg_post_time_ms": 0.02683960396309588,
  "throughput_samples_per_sec": 19.06301103503006,
  "mean_uncertainty": 0.03102300444497994,
  "std_uncertainty": 0.09778311255382395,
  "eval_config": {
    "mode": "ood_tta_tta",
    "eval_batch": 4,
    "eval_batch_source": "autobatch",
    "eval_workers": 16,
    "eval_prefetch": 4,
    "autobatch_probe_tput": 25.90546942013959,
    "autobatch_reason": "ok",
    "autobatch_raw_batch": 4,
    "autobatch_max_stable": 4,
    "autobatch_safety": 1.0,
    "tta_cache_model_hash": "0072d566130aa5a4",
    "tta_cache_aug_set": "none,hflip,vflip,hvflip,rotate_90,rotate_270",
    "tta_cache_fusion": "entropy_weighted",
    "tta_cache_hits": 101,
    "tta_cache_misses": 0,
    "tta_unc_cache_hits": 101,
    "baseline_cache_model_hash": "0072d566130aa5a4",
    "baseline_cache_hits": 101,
    "baseline_cache_misses": 0
  },
  "bottleneck_component": "inference",
  "bottleneck_component_ratio": 0.1809199608265407,
  "ood_threshold": 0.5,
  "ood_method": "entropy",
  "dice_5pct_low": 0.2792479693889618,
  "jaccard_5pct_low": 0.16228251159191132,
  "f1_5pct_low": 0.2792479693889618,
  "sensitivity_5pct_low": 0.7077997922897339
}
