{
  "dataset": "DDTI",
  "num_samples": 101,
  "mean_dice": 0.747375973232902,
  "std_dice": 0.2104654394147692,
  "mean_jaccard": 0.6325640550786906,
  "std_jaccard": 0.21703599744635102,
  "mean_precision": 0.7039816301352907,
  "std_precision": 0.24786151936761325,
  "mean_recall": 0.8498114282541936,
  "std_recall": 0.1628800102349837,
  "mean_sensitivity": 0.8498114282541936,
  "std_sensitivity": 0.1628800102349837,
  "mean_f1": 0.7473759770688444,
  "std_f1": 0.21046544541208678,
  "mean_bce": 0.04862462558165783,
  "std_bce": 0.14655384495082424,
  "mean_ece": 0.023055092084087837,
  "std_ece": 0.09354033208538952,
  "dice_1pct_low": 0.0,
  "jaccard_1pct_low": 0.0,
  "f1_1pct_low": 0.0,
  "sensitivity_1pct_low": 0.0,
  "total_time_sec": 10.391834131994983,
  "avg_inference_time_ms": 7.923369682457363,
  "avg_data_time_ms": 0.07893039590199617,
  "avg_ood_time_ms": 1.2737033166288685,
  "avg_metrics_time_ms": 5.735887891277533,
  "avg_post_time_ms": 0.02286344605825362,
  "throughput_samples_per_sec": 9.719169755513642,
  "mean_uncertainty": 0.031024506617577212,
  "std_uncertainty": 0.09779155462038731,
  "eval_config": {
    "mode": "ood_tta_tta",
    "eval_batch": 2,
    "eval_batch_source": "autobatch",
    "eval_workers": 16,
    "eval_prefetch": 4,
    "autobatch_probe_tput": 26.61330220394426,
    "autobatch_reason": "ok",
    "autobatch_raw_batch": 2,
    "autobatch_max_stable": 4,
    "autobatch_safety": 1.0,
    "tta_cache_model_hash": "0072d566130aa5a4",
    "tta_cache_aug_set": "none,hflip,vflip,hvflip,rotate_90,rotate_270",
    "tta_cache_fusion": "entropy_weighted",
    "tta_cache_hits": 101,
    "tta_cache_misses": 0,
    "tta_unc_cache_hits": 101,
    "baseline_cache_model_hash": "0072d566130aa5a4",
    "baseline_cache_hits": 0,
    "baseline_cache_misses": 101
  },
  "bottleneck_component": "inference",
  "bottleneck_component_ratio": 0.07700857497949333,
  "ood_threshold": 0.5,
  "ood_method": "entropy"
}