{
  "dataset": "DDTI",
  "num_samples": 101,
  "mean_dice": 0.8086288013670704,
  "std_dice": 0.2007550907600077,
  "mean_jaccard": 0.7145127822266947,
  "std_jaccard": 0.2165386885166886,
  "mean_precision": 0.7755469688684633,
  "std_precision": 0.2375796216627384,
  "mean_recall": 0.8746403963258951,
  "std_recall": 0.1604559398749314,
  "mean_sensitivity": 0.8746403963258951,
  "std_sensitivity": 0.1604559398749314,
  "mean_f1": 0.8086288044653317,
  "std_f1": 0.20075509333043126,
  "mean_bce": 0.01747825760843859,
  "std_bce": 0.03510196421206429,
  "mean_hd95": 27.005400199701292,
  "std_hd95": 23.394717866449493,
  "mean_assd": 8.185873738609919,
  "std_assd": 5.969434477771952,
  "mean_ece": 0.008537834661201307,
  "std_ece": 0.03002086147192174,
  "total_time_sec": 450.707343692,
  "avg_inference_time_ms": 4095.3286022969487,
  "avg_data_time_ms": 0.6470433168348367,
  "avg_ood_time_ms": 1.1886868613704664,
  "avg_metrics_time_ms": 268.0860681980583,
  "avg_post_time_ms": 1.3655229108690488,
  "throughput_samples_per_sec": 0.22409219954716425,
  "mean_uncertainty": 0.0066954664353484124,
  "std_uncertainty": 0.006628669835393759,
  "bottleneck_component": "inference",
  "bottleneck_component_ratio": 0.917731194357137
}