{
  "dataset": "DDTI",
  "num_samples": 101,
  "mean_dice": 0.32381414822971283,
  "std_dice": 0.22553271188470392,
  "mean_jaccard": 0.2156785707845869,
  "std_jaccard": 0.16816261518786857,
  "mean_precision": 0.7644336656621187,
  "std_precision": 0.2987711251834049,
  "mean_recall": 0.3030999285269224,
  "std_recall": 0.26435389377112534,
  "mean_sensitivity": 0.3030999285269224,
  "std_sensitivity": 0.26435389377112534,
  "mean_f1": 0.3238141495679127,
  "std_f1": 0.22553271212024203,
  "mean_bce": 0.11241555935011642,
  "std_bce": 0.2780903662398342,
  "mean_ece": 0.05968672784026897,
  "std_ece": 0.1235112652009562,
  "total_time_sec": 23.25981758099806,
  "avg_inference_time_ms": 54.90128111885515,
  "avg_data_time_ms": 0.2914524744068835,
  "avg_ood_time_ms": 0.0028057824382281835,
  "avg_metrics_time_ms": 9.392065812267667,
  "avg_post_time_ms": 0.022490435662577943,
  "throughput_samples_per_sec": 4.342252455260493,
  "eval_config": {
    "mode": "baseline",
    "eval_batch": 1,
    "eval_batch_source": "autobatch",
    "eval_workers": 16,
    "eval_prefetch": 4,
    "autobatch_probe_tput": 24.620321406853165,
    "autobatch_reason": "ok",
    "autobatch_raw_batch": 1,
    "autobatch_max_stable": 16,
    "autobatch_safety": 1.0,
    "baseline_cache_model_hash": "a4e156790b9cf939",
    "baseline_cache_hits": 0,
    "baseline_cache_misses": 101
  },
  "bottleneck_component": "inference",
  "bottleneck_component_ratio": 0.2383952227352953,
  "dice_5pct_low": 0.0035742653999477625,
  "jaccard_5pct_low": 0.0017903322586789727,
  "f1_5pct_low": 0.003574265632778406,
  "sensitivity_5pct_low": 0.0017903322586789727
}
