{
  "dataset": "DDTI",
  "num_samples": 101,
  "mean_dice": 0.7473726256354021,
  "std_dice": 0.21046199302019605,
  "mean_jaccard": 0.6325587085863151,
  "std_jaccard": 0.2170338915201906,
  "mean_precision": 0.7039756215739958,
  "std_precision": 0.24785810169528885,
  "mean_recall": 0.8498147118209612,
  "std_recall": 0.16288491249031997,
  "mean_sensitivity": 0.8498147118209612,
  "std_sensitivity": 0.16288491249031997,
  "mean_f1": 0.7473726257829383,
  "std_f1": 0.21046199562332038,
  "mean_bce": 0.048626086940887464,
  "std_bce": 0.14655400594851964,
  "mean_ece": 0.02305583677388322,
  "std_ece": 0.09354331535276643,
  "dice_1pct_low": 0.0,
  "jaccard_1pct_low": 0.0,
  "f1_1pct_low": 0.0,
  "sensitivity_1pct_low": 0.0,
  "total_time_sec": 10.789394788997015,
  "avg_inference_time_ms": 9.554306148478789,
  "avg_data_time_ms": 0.06108971368544505,
  "avg_ood_time_ms": 1.2048316137152861,
  "avg_metrics_time_ms": 5.371363672755179,
  "avg_post_time_ms": 0.021013039501964825,
  "throughput_samples_per_sec": 9.361044059950371,
  "mean_uncertainty": 0.03102300444497994,
  "std_uncertainty": 0.09778311255382395,
  "eval_config": {
    "mode": "ood_tta_tta",
    "eval_batch": 2,
    "eval_batch_source": "autobatch",
    "eval_workers": 16,
    "eval_prefetch": 4,
    "autobatch_probe_tput": 28.10640370491954,
    "autobatch_reason": "ok",
    "autobatch_raw_batch": 2,
    "autobatch_max_stable": 4,
    "autobatch_safety": 1.0,
    "tta_cache_model_hash": "0072d566130aa5a4",
    "tta_cache_aug_set": "none,hflip,vflip,hvflip,rotate_90,rotate_270",
    "tta_cache_fusion": "entropy_weighted",
    "tta_cache_hits": 101,
    "tta_cache_misses": 0,
    "tta_unc_cache_hits": 101,
    "baseline_cache_model_hash": "0072d566130aa5a4",
    "baseline_cache_hits": 0,
    "baseline_cache_misses": 101
  },
  "bottleneck_component": "inference",
  "bottleneck_component_ratio": 0.08943828081816468,
  "ood_threshold": 0.5,
  "ood_method": "entropy"
}