{
  "dataset": "DDTI",
  "num_samples": 127,
  "mean_dice": 0.9324466999121538,
  "std_dice": 0.03091604403017818,
  "mean_jaccard": 0.8749501090350114,
  "std_jaccard": 0.052105269628091824,
  "mean_precision": 0.9045161942797383,
  "std_precision": 0.05541833739914577,
  "mean_recall": 0.9644901048480057,
  "std_recall": 0.020135443012264696,
  "mean_sensitivity": 0.9644901048480057,
  "std_sensitivity": 0.020135443012264696,
  "mean_f1": 0.9324467013201375,
  "std_f1": 0.030916042325733747,
  "mean_bce": 0.023829102567507057,
  "std_bce": 0.028857061299640104,
  "dice_5pct_low": 0.874161696434021,
  "jaccard_5pct_low": 0.7764544785022736,
  "f1_5pct_low": 0.8741616785526276,
  "sensitivity_5pct_low": 0.9254532217979431,
  "total_time_sec": 112.66609423000045,
  "avg_inference_time_ms": 755.9262803937398,
  "avg_data_time_ms": 0.32761907885029845,
  "avg_ood_time_ms": 4.093020724420373,
  "avg_metrics_time_ms": 6.834717228351891,
  "avg_post_time_ms": 0.029051433077657698,
  "throughput_samples_per_sec": 1.1272246621129673,
  "mean_uncertainty": 0.007428198163654274,
  "std_uncertainty": 0.005428976518182663,
  "eval_config": {
    "mode": "ood_tta_tta",
    "eval_batch": 1,
    "eval_batch_source": "autobatch",
    "eval_workers": 16,
    "eval_prefetch": 4,
    "autobatch_probe_tput": 15.245090556771405,
    "autobatch_reason": "ok",
    "autobatch_raw_batch": 2,
    "autobatch_max_stable": 4,
    "autobatch_safety": 0.9,
    "tta_cache_model_hash": "51450c6a3df26394",
    "tta_cache_aug_set": "none,hflip,vflip,hvflip,rotate_90,rotate_270",
    "tta_cache_fusion": "entropy_weighted",
    "tta_cache_hits": 0,
    "tta_cache_misses": 127,
    "tta_unc_cache_hits": 0,
    "baseline_cache_model_hash": "51450c6a3df26394",
    "baseline_cache_hits": 0,
    "baseline_cache_misses": 127
  },
  "bottleneck_component": "inference",
  "bottleneck_component_ratio": 0.8520987459991457,
  "ood_threshold": 0.5,
  "ood_method": "entropy"
}