{
  "TN3K": {
    "baseline": {
      "dataset": "TN3K",
      "num_samples": 577,
      "mean_dice": 0.7678393961593792,
      "std_dice": 0.1122132584149296,
      "mean_jaccard": 0.6345176602571725,
      "std_jaccard": 0.12643308228475364,
      "mean_precision": 0.8600581897595377,
      "std_precision": 0.16272734395978564,
      "mean_recall": 0.7194071073775895,
      "std_recall": 0.11815581612094607,
      "mean_sensitivity": 0.7194071073775895,
      "std_sensitivity": 0.11815581612094607,
      "mean_f1": 0.7678393926180938,
      "std_f1": 0.11221325806950509,
      "mean_bce": 0.13211991636976728,
      "std_bce": 0.14010445595034335,
      "mean_hd95": 89.37861417938973,
      "std_hd95": 87.04386994101186,
      "mean_assd": 26.473847603260747,
      "std_assd": 19.769817954202736,
      "mean_ece": 0.04351535429968216,
      "std_ece": 0.04360032361467564,
      "total_time_sec": 137.65805913499935,
      "avg_inference_time_ms": 7.551268722691619,
      "avg_data_time_ms": 3.206290310223374,
      "avg_ood_time_ms": 0.0023854610223823067,
      "avg_metrics_time_ms": 209.56404608492082,
      "avg_post_time_ms": 0.8947554540543026,
      "throughput_samples_per_sec": 4.191545367018026,
      "bottleneck_component": "metrics",
      "bottleneck_component_ratio": 0.878397206460802
    },
    "ood": {
      "dataset": "TN3K",
      "num_samples": 577,
      "mean_dice": 0.955485100556081,
      "std_dice": 0.0397616514754874,
      "mean_jaccard": 0.9171546406307914,
      "std_jaccard": 0.06319778511509301,
      "mean_precision": 0.9525065438586257,
      "std_precision": 0.060285803063948394,
      "mean_recall": 0.9610818092496598,
      "std_recall": 0.029319604767002672,
      "mean_sensitivity": 0.9610818092496598,
      "std_sensitivity": 0.029319604767002672,
      "mean_f1": 0.9554850993164697,
      "std_f1": 0.0397616495278531,
      "mean_bce": 0.026586511139164756,
      "std_bce": 0.07670083757813993,
      "mean_hd95": 16.10814719514169,
      "std_hd95": 20.07208995952975,
      "mean_assd": 5.4583393494425865,
      "std_assd": 6.012508898433716,
      "mean_ece": 0.004353371468562095,
      "std_ece": 0.009858514837302173,
      "total_time_sec": 2590.317980211,
      "avg_inference_time_ms": 77.71480915251284,
      "avg_data_time_ms": 0.7063709185463007,
      "avg_ood_time_ms": 1.2322654696495026,
      "avg_metrics_time_ms": 307.51223083014474,
      "avg_post_time_ms": 1.4016265095634706,
      "throughput_samples_per_sec": 0.22275257493792297,
      "mean_ood_score": 0.014965031655550494,
      "std_ood_score": 0.0128685396259303,
      "num_ood_detected": 0,
      "ood_ratio": 0.0,
      "bottleneck_component": "metrics",
      "bottleneck_component_ratio": 0.06849914124231968
    },
    "tta": {
      "dataset": "TN3K",
      "num_samples": 577,
      "mean_dice": 0.900776106134651,
      "std_dice": 0.0827713952087661,
      "mean_jaccard": 0.8280011320186447,
      "std_jaccard": 0.11487864476154042,
      "mean_precision": 0.8426188665411501,
      "std_precision": 0.12027725134007196,
      "mean_recall": 0.9804986828947811,
      "std_recall": 0.02486001077071724,
      "mean_sensitivity": 0.9804986828947811,
      "std_sensitivity": 0.02486001077071724,
      "mean_f1": 0.9007761071676604,
      "std_f1": 0.0827713952160266,
      "mean_bce": 0.039379444351400436,
      "std_bce": 0.053903305076260705,
      "mean_hd95": 42.679839011907994,
      "std_hd95": 42.476394112050734,
      "mean_assd": 13.67574310819239,
      "std_assd": 12.418688664851386,
      "mean_ece": 0.016051100723372177,
      "std_ece": 0.021990184624905762,
      "total_time_sec": 2590.317980211,
      "avg_inference_time_ms": 4082.7116352755697,
      "avg_data_time_ms": 0.7063709185463007,
      "avg_ood_time_ms": 1.2322654696495026,
      "avg_metrics_time_ms": 307.51223083014474,
      "avg_post_time_ms": 1.4016265095634706,
      "throughput_samples_per_sec": 0.22275257493792297,
      "mean_uncertainty": 0.011081426079936594,
      "std_uncertainty": 0.012321072549071183,
      "bottleneck_component": "inference",
      "bottleneck_component_ratio": 0.9094345294866513
    }
  },
  "TG3K": {
    "baseline": {
      "dataset": "TG3K",
      "num_samples": 577,
      "mean_dice": 0.7656719841360012,
      "std_dice": 0.10103692027026752,
      "mean_jaccard": 0.6297495614614602,
      "std_jaccard": 0.11645256813633349,
      "mean_precision": 0.8464475353885977,
      "std_precision": 0.14530458587738948,
      "mean_recall": 0.7282575956405345,
      "std_recall": 0.12399432636845643,
      "mean_sensitivity": 0.7282575956405345,
      "std_sensitivity": 0.12399432636845643,
      "mean_f1": 0.7656719818633805,
      "std_f1": 0.10103691924745856,
      "mean_bce": 0.17269202329192562,
      "std_bce": 0.1505589289767543,
      "mean_hd95": 104.04494541273993,
      "std_hd95": 78.75826273479518,
      "mean_assd": 31.30386804583994,
      "std_assd": 19.208260317501423,
      "mean_ece": 0.04854430688102851,
      "std_ece": 0.04078763097663306,
      "total_time_sec": 142.76739575400006,
      "avg_inference_time_ms": 8.310692074540587,
      "avg_data_time_ms": 3.6762075667131624,
      "avg_ood_time_ms": 0.0024745737010188583,
      "avg_metrics_time_ms": 217.938560764286,
      "avg_post_time_ms": 0.9004577001695414,
      "throughput_samples_per_sec": 4.041539014931801,
      "bottleneck_component": "metrics",
      "bottleneck_component_ratio": 0.8808071961869469
    },
    "ood": {
      "dataset": "TG3K",
      "num_samples": 577,
      "mean_dice": 0.9575948268949882,
      "std_dice": 0.039540753220347814,
      "mean_jaccard": 0.9211462510933702,
      "std_jaccard": 0.06628079099964176,
      "mean_precision": 0.9552005520106601,
      "std_precision": 0.057693114939968954,
      "mean_recall": 0.9622756304732641,
      "std_recall": 0.03542964564093758,
      "mean_sensitivity": 0.9622756304732641,
      "std_sensitivity": 0.03542964564093758,
      "mean_f1": 0.9575948302006184,
      "std_f1": 0.03954075170143762,
      "mean_bce": 0.028123954743686806,
      "std_bce": 0.06843076262767168,
      "mean_hd95": 17.273206255878073,
      "std_hd95": 22.432288910155844,
      "mean_assd": 5.7918049693107605,
      "std_assd": 6.1947833755298864,
      "mean_ece": 0.004785628685665372,
      "std_ece": 0.010607880120805465,
      "total_time_sec": 2597.8393402560014,
      "avg_inference_time_ms": 78.64910220450523,
      "avg_data_time_ms": 0.8126571177999218,
      "avg_ood_time_ms": 1.1871271057303725,
      "avg_metrics_time_ms": 322.2539428700261,
      "avg_post_time_ms": 1.478602100509262,
      "throughput_samples_per_sec": 0.22210765348681652,
      "mean_ood_score": 0.018112239765408458,
      "std_ood_score": 0.013592451577021013,
      "num_ood_detected": 0,
      "ood_ratio": 0.0,
      "bottleneck_component": "metrics",
      "bottleneck_component_ratio": 0.07157506707773613
    },
    "tta": {
      "dataset": "TG3K",
      "num_samples": 577,
      "mean_dice": 0.9168987250410705,
      "std_dice": 0.07617702381636428,
      "mean_jaccard": 0.8543151510133694,
      "std_jaccard": 0.11134311552155712,
      "mean_precision": 0.8715097884578142,
      "std_precision": 0.11721460165245046,
      "mean_recall": 0.9786962347179393,
      "std_recall": 0.02047533047893411,
      "mean_sensitivity": 0.9786962347179393,
      "std_sensitivity": 0.02047533047893411,
      "mean_f1": 0.91689872498942,
      "std_f1": 0.07617702424376337,
      "mean_bce": 0.043912084148131456,
      "std_bce": 0.056564019546208835,
      "mean_hd95": 41.328012797820094,
      "std_hd95": 40.85245288103737,
      "mean_assd": 13.058964509278072,
      "std_assd": 11.785118937807262,
      "mean_ece": 0.01687905563660869,
      "std_ece": 0.021988308578190247,
      "total_time_sec": 2597.8393402560014,
      "avg_inference_time_ms": 4080.647715506043,
      "avg_data_time_ms": 0.8126571177999218,