{
  "TN3K": {
    "baseline": {
      "dataset": "TN3K",
      "num_samples": 577,
      "mean_dice": 0.7678393961593792,
      "std_dice": 0.1122132584149296,
      "mean_jaccard": 0.6345176602571725,
      "std_jaccard": 0.12643308228475364,
      "mean_precision": 0.8600581897595377,
      "std_precision": 0.16272734395978564,
      "mean_recall": 0.7194071073775895,
      "std_recall": 0.11815581612094607,
      "mean_sensitivity": 0.7194071073775895,
      "std_sensitivity": 0.11815581612094607,
      "mean_f1": 0.7678393926180938,
      "std_f1": 0.11221325806950509,
      "mean_bce": 0.13211991687658756,
      "std_bce": 0.14010445691489118,
      "mean_ece": 0.04351535439975495,
      "std_ece": 0.043600323915821707,
      "dice_1pct_low": 0.3404671669006348,
      "jaccard_1pct_low": 0.20516001164913178,
      "f1_1pct_low": 0.34046719670295716,
      "sensitivity_1pct_low": 0.41829161405563353,
      "total_time_sec": 134.8940913510014,
      "avg_inference_time_ms": 5.508629511406265,
      "avg_data_time_ms": 0.06102239159746919,
      "avg_ood_time_ms": 0.001544410651759527,
      "avg_metrics_time_ms": 141.2488121561649,
      "avg_post_time_ms": 0.4848869306556283,
      "throughput_samples_per_sec": 4.277429754121818,
      "eval_config": {
        "mode": "baseline",
        "eval_batch": 4,
        "eval_batch_source": "autobatch",
        "eval_workers": 16,
        "eval_prefetch": 4
      },
      "bottleneck_component": "metrics",
      "bottleneck_component_ratio": 0.6041818718511431
    },
    "ood": {
      "dataset": "TN3K",
      "num_samples": 577,
      "mean_dice": 0.8739220126301205,
      "std_dice": 0.09350470235712294,
      "mean_jaccard": 0.785886790868108,
      "std_jaccard": 0.11963409704249371,
      "mean_precision": 0.8513981161487371,
      "std_precision": 0.13385439805584118,
      "mean_recall": 0.9164380288619929,
      "std_recall": 0.058241017015353024,
      "mean_sensitivity": 0.9164380288619929,
      "std_sensitivity": 0.058241017015353024,
      "mean_f1": 0.8739220147994403,
      "std_f1": 0.09350470235117984,
      "mean_bce": 0.07086080189009861,
      "std_bce": 0.11960725560895248,
      "mean_ece": 0.01780196025039907,
      "std_ece": 0.03205486135175376,
      "dice_1pct_low": 0.4724473536014557,
      "jaccard_1pct_low": 0.3093418347835541,
      "f1_1pct_low": 0.47244733095169067,
      "sensitivity_1pct_low": 0.7476248478889466,
      "total_time_sec": 401.99281280300056,
      "avg_inference_time_ms": 29.221189934083426,
      "avg_data_time_ms": 0.19162904851072415,
      "avg_ood_time_ms": 1.3233591559096087,
      "avg_metrics_time_ms": 59.765446467934005,
      "avg_post_time_ms": 0.7872075113365782,
      "throughput_samples_per_sec": 1.435349045115299,
      "mean_ood_score": 0.039784971656490836,
      "std_ood_score": 0.04605846680281424,
      "num_ood_detected": 0,
      "ood_ratio": 0.0,
      "eval_config": {
        "mode": "ood_tta_ood",
        "eval_batch": 1,
        "eval_batch_source": "autobatch",
        "eval_workers": 16,
        "eval_prefetch": 4
      },
      "bottleneck_component": "metrics",
      "bottleneck_component_ratio": 0.08578427651863858,
      "ood_threshold": 0.5,
      "ood_method": "entropy"
    },
    "tta": {
      "dataset": "TN3K",
      "num_samples": 577,
      "mean_dice": 0.8975410729749984,
      "std_dice": 0.09507946967292931,
      "mean_jaccard": 0.8245390872479105,
      "std_jaccard": 0.1222329513566243,
      "mean_precision": 0.8755639136689788,
      "std_precision": 0.13520182312199402,
      "mean_recall": 0.9367893868137274,
      "std_recall": 0.0420048927029343,
      "mean_sensitivity": 0.9367893868137274,
      "std_sensitivity": 0.0420048927029343,
      "mean_f1": 0.8975410732849012,
      "std_f1": 0.09507946947176665,
      "mean_bce": 0.05525258863126888,
      "std_bce": 0.09601079459610362,
      "mean_ece": 0.016908167437101478,
      "std_ece": 0.02933831698148757,
      "dice_1pct_low": 0.46196463227272033,
      "jaccard_1pct_low": 0.30036022543907165,
      "f1_1pct_low": 0.46196465492248534,
      "sensitivity_1pct_low": 0.8006701159477234,
      "total_time_sec": 401.99281280300056,
      "avg_inference_time_ms": 600.1007179480467,
      "avg_data_time_ms": 0.19162904851072415,
      "avg_ood_time_ms": 1.3233591559096087,
      "avg_metrics_time_ms": 59.765446467934005,
      "avg_post_time_ms": 0.7872075113365782,
      "throughput_samples_per_sec": 1.435349045115299,
      "mean_uncertainty": 0.036133858076647,
      "std_uncertainty": 0.0421639721716529,
      "eval_config": {
        "mode": "ood_tta_tta",
        "eval_batch": 1,
        "eval_batch_source": "autobatch",
        "eval_workers": 16,
        "eval_prefetch": 4
      },
      "bottleneck_component": "inference",
      "bottleneck_component_ratio": 0.8613539924797342,
      "ood_threshold": 0.5,
      "ood_method": "entropy"
    }
  },
  "TG3K": {
    "baseline": {
      "dataset": "TG3K",
      "num_samples": 577,
      "mean_dice": 0.7656719841360012,
      "std_dice": 0.10103692027026752,
      "mean_jaccard": 0.6297495614614602,
      "std_jaccard": 0.11645256813633349,
      "mean_precision": 0.8464475353885977,
      "std_precision": 0.14530458587738948,
      "mean_recall": 0.7282575956405345,
      "std_recall": 0.12399432636845643,
      "mean_sensitivity": 0.7282575956405345,
      "std_sensitivity": 0.12399432636845643,
      "mean_f1": 0.7656719818633805,
      "std_f1": 0.10103691924745856,
      "mean_bce": 0.1726920237277265,
      "std_bce": 0.15055892939800974,
      "mean_ece": 0.04854430677288533,
      "std_ece": 0.04078763106085587,
      "dice_1pct_low": 0.3383758926391602,
      "jaccard_1pct_low": 0.2036561006307602,
      "f1_1pct_low": 0.3383758926391602,
      "sensitivity_1pct_low": 0.37111260890960696,
      "total_time_sec": 56.61387926200405,
      "avg_inference_time_ms": 8.982210472857448,
      "avg_data_time_ms": 0.12186093220468674,
      "avg_ood_time_ms": 0.0022873276884165595,
      "avg_metrics_time_ms": 29.302308142110157,
      "avg_post_time_ms": 0.8498859186043424,
      "throughput_samples_per_sec": 10.191847079224068,
      "eval_config": {
        "mode": "baseline",
        "eval_batch": 2,
        "eval_batch_source": "autobatch",
        "eval_workers": 16,
        "eval_prefetch": 4
      },
      "bottleneck_component": "metrics",
      "bottleneck_component_ratio": 0.29864464365268906
    },
    "ood": {
      "dataset": "TG3K",
      "num_samples": 577,
      "mean_dice": 0.8777387456732771,
      "std_dice": 0.08600271037112803,
      "mean_jaccard": 0.7906279807952289,
      "std_jaccard": 0.11248673582153892,
      "mean_precision": 0.8677914994841431,
      "std_precision": 0.12314940966932447,
      "mean_recall": 0.9039371359699521,
      "std_recall": 0.0697259477334184,
      "mean_sensitivity": 0.9039371359699521,
      "std_sensitivity": 0.0697259477334184,
      "mean_f1": 0.8777387479975484,
      "std_f1": 0.0860027084067965,
      "mean_bce": 0.0839562889146562,
      "std_bce": 0.10731533646621039,
      "mean_ece": 0.021180415430499252,
      "std_ece": 0.02949143467346925,
      "dice_1pct_low": 0.4298568916320801,
      "jaccard_1pct_low": 0.2738926684856415,
      "f1_1pct_low": 0.4298569071292877,
      "sensitivity_1pct_low": 0.700482587814331,
      "total_time_sec": 379.96027282299474,
      "avg_inference_time_ms": 40.92667103473979,
      "avg_data_time_ms": 0.19008084054046875,
      "avg_ood_time_ms": 1.3729969790710566,
      "avg_metrics_time_ms": 62.23632245907334,
      "avg_post_time_ms": 0.8056986657287231,
      "throughput_samples_per_sec": 1.5185798128658483,
      "mean_ood_score": 0.05780407325106397,
      "std_ood_score": 0.06296728547829042,
      "num_ood_detected": 0,
      "ood_ratio": 0.0,
      "eval_config": {
        "mode": "ood_tta_ood",
        "eval_batch": 1,
        "eval_batch_source": "autobatch",
        "eval_workers": 16,