{
  "dataset": "TG3K",
  "num_samples": 577,
  "mean_dice": 0.7656833540835455,
  "std_dice": 0.10101707076750295,
  "mean_jaccard": 0.6297611945165092,
  "std_jaccard": 0.11643416305079964,
  "mean_precision": 0.8464466143573798,
  "std_precision": 0.14529972651565423,
  "mean_recall": 0.7282660209430153,
  "std_recall": 0.12396906774653751,
  "mean_sensitivity": 0.7282660209430153,
  "std_sensitivity": 0.12396906774653751,
  "mean_f1": 0.7656833551682054,
  "std_f1": 0.10101706911538953,
  "mean_bce": 0.1726910854129692,
  "std_bce": 0.1505720373282682,
  "mean_ece": 0.048542534674241807,
  "std_ece": 0.04079174154257963,
  "dice_1pct_low": 0.338603013753891,
  "jaccard_1pct_low": 0.20382141470909118,
  "f1_1pct_low": 0.338603013753891,
  "sensitivity_1pct_low": 0.3711096704006195,
  "total_time_sec": 51.4080023800052,
  "avg_inference_time_ms": 52.86872275218051,
  "avg_data_time_ms": 0.13985904516225303,
  "avg_ood_time_ms": 0.001771604685448562,
  "avg_metrics_time_ms": 5.5773103862082465,
  "avg_post_time_ms": 0.014729067444941756,
  "throughput_samples_per_sec": 11.223933498423978,
  "eval_config": {
    "mode": "baseline",
    "eval_batch": 2,
    "eval_batch_source": "autobatch",
    "eval_workers": 16,
    "eval_prefetch": 4,
    "autobatch_probe_tput": 17.486789287509787,
    "autobatch_reason": "ok",
    "autobatch_raw_batch": 2,
    "autobatch_max_stable": 16,
    "autobatch_safety": 1.0,
    "baseline_cache_model_hash": "a4e156790b9cf939",
    "baseline_cache_hits": 0,
    "baseline_cache_misses": 577
  },
  "bottleneck_component": "inference",
  "bottleneck_component_ratio": 0.5933950283170888
}