{
  "dataset": "TG3K",
  "num_samples": 577,
  "mean_dice": 0.7656719841360012,
  "std_dice": 0.10103692027026752,
  "mean_jaccard": 0.6297495614614602,
  "std_jaccard": 0.11645256813633349,
  "mean_precision": 0.8464475353885977,
  "std_precision": 0.14530458587738948,
  "mean_recall": 0.7282575956405345,
  "std_recall": 0.12399432636845643,
  "mean_sensitivity": 0.7282575956405345,
  "std_sensitivity": 0.12399432636845643,
  "mean_f1": 0.7656719818633805,
  "std_f1": 0.10103691924745856,
  "mean_bce": 0.1726920237277265,
  "std_bce": 0.15055892939800974,
  "mean_ece": 0.04854430677288533,
  "std_ece": 0.04078763106085587,
  "dice_1pct_low": 0.3383758926391602,
  "jaccard_1pct_low": 0.2036561006307602,
  "f1_1pct_low": 0.3383758926391602,
  "sensitivity_1pct_low": 0.37111260890960696,
  "total_time_sec": 56.61387926200405,
  "avg_inference_time_ms": 8.982210472857448,
  "avg_data_time_ms": 0.12186093220468674,
  "avg_ood_time_ms": 0.0022873276884165595,
  "avg_metrics_time_ms": 29.302308142110157,
  "avg_post_time_ms": 0.8498859186043424,
  "throughput_samples_per_sec": 10.191847079224068,
  "eval_config": {
    "mode": "baseline",
    "eval_batch": 2,
    "eval_batch_source": "autobatch",
    "eval_workers": 16,
    "eval_prefetch": 4
  },
  "bottleneck_component": "metrics",
  "bottleneck_component_ratio": 0.29864464365268906
}