{
  "dataset": "TG3K",
  "num_samples": 577,
  "mean_dice": 0.8777387456732771,
  "std_dice": 0.08600271037112803,
  "mean_jaccard": 0.7906279807952289,
  "std_jaccard": 0.11248673582153892,
  "mean_precision": 0.8677914994841431,
  "std_precision": 0.12314940966932447,
  "mean_recall": 0.9039371359699521,
  "std_recall": 0.0697259477334184,
  "mean_sensitivity": 0.9039371359699521,
  "std_sensitivity": 0.0697259477334184,
  "mean_f1": 0.8777387479975484,
  "std_f1": 0.0860027084067965,
  "mean_bce": 0.0839562889146562,
  "std_bce": 0.10731533646621039,
  "mean_ece": 0.021180415430499252,
  "std_ece": 0.02949143467346925,
  "dice_1pct_low": 0.4298568916320801,
  "jaccard_1pct_low": 0.2738926684856415,
  "f1_1pct_low": 0.4298569071292877,
  "sensitivity_1pct_low": 0.700482587814331,
  "total_time_sec": 379.96027282299474,
  "avg_inference_time_ms": 40.92667103473979,
  "avg_data_time_ms": 0.19008084054046875,
  "avg_ood_time_ms": 1.3729969790710566,
  "avg_metrics_time_ms": 62.23632245907334,
  "avg_post_time_ms": 0.8056986657287231,
  "throughput_samples_per_sec": 1.5185798128658483,
  "mean_ood_score": 0.05780407325106397,
  "std_ood_score": 0.06296728547829042,
  "num_ood_detected": 0,
  "ood_ratio": 0.0,
  "eval_config": {
    "mode": "ood_tta_ood",
    "eval_batch": 1,
    "eval_batch_source": "autobatch",
    "eval_workers": 16,
    "eval_prefetch": 4
  },
  "bottleneck_component": "metrics",
  "bottleneck_component_ratio": 0.09451082291335819,
  "ood_threshold": 0.5,
  "ood_method": "entropy"
}