{
  "dataset": "TG3K",
  "num_samples": 577,
  "mean_dice": 0.9044563916981531,
  "std_dice": 0.08609830844432034,
  "mean_jaccard": 0.8343646654688093,
  "std_jaccard": 0.11313801051677842,
  "mean_precision": 0.8928368888550036,
  "std_precision": 0.12391887234300779,
  "mean_recall": 0.9297399291545927,
  "std_recall": 0.04746911796032604,
  "mean_sensitivity": 0.9297399291545927,
  "std_sensitivity": 0.04746911796032604,
  "mean_f1": 0.9044563907167941,
  "std_f1": 0.08609830681824693,
  "mean_bce": 0.06379431643058421,
  "std_bce": 0.08458104004589868,
  "mean_ece": 0.020410425793153573,
  "std_ece": 0.026779676678514785,
  "total_time_sec": 22.891745050000054,
  "avg_inference_time_ms": 9.861114625649046,
  "avg_data_time_ms": 0.6508877036407854,
  "avg_ood_time_ms": 1.817465100515047,
  "avg_metrics_time_ms": 11.511617982671613,
  "avg_post_time_ms": 0.030143852686792632,
  "throughput_samples_per_sec": 25.205592616015906,
  "mean_uncertainty": 0.051546583477120385,
  "std_uncertainty": 0.054590958079188553,
  "eval_config": {
    "mode": "ood_tta_tta",
    "eval_batch": 1,
    "eval_batch_source": "autobatch",
    "eval_workers": 16,
    "eval_prefetch": 4,
    "autobatch_probe_tput": 30.143775711957975,
    "autobatch_reason": "ok",
    "autobatch_raw_batch": 1,
    "autobatch_max_stable": 4,
    "autobatch_safety": 1.0,
    "tta_cache_model_hash": "0072d566130aa5a4",
    "tta_cache_aug_set": "none,hflip,vflip,hvflip,rotate_90,rotate_270",
    "tta_cache_fusion": "entropy_weighted",
    "tta_cache_hits": 577,
    "tta_cache_misses": 0,
    "tta_unc_cache_hits": 577,
    "baseline_cache_model_hash": "0072d566130aa5a4",
    "baseline_cache_hits": 577,
    "baseline_cache_misses": 0
  },
  "bottleneck_component": "metrics",
  "bottleneck_component_ratio": 0.2901571532224235,
  "ood_threshold": 0.5,
  "ood_method": "entropy",
  "dice_5pct_low": 0.7935182571411132,
  "jaccard_5pct_low": 0.6577126860618592,
  "f1_5pct_low": 0.7935182094573975,
  "sensitivity_5pct_low": 0.8429161548614502
}
