{
  "dataset": "TG3K",
  "num_samples": 577,
  "mean_dice": 0.8777387456732771,
  "std_dice": 0.08600271037112803,
  "mean_jaccard": 0.7906279807952289,
  "std_jaccard": 0.11248673582153892,
  "mean_precision": 0.8677914994841431,
  "std_precision": 0.12314940966932447,
  "mean_recall": 0.9039371359699521,
  "std_recall": 0.0697259477334184,
  "mean_sensitivity": 0.9039371359699521,
  "std_sensitivity": 0.0697259477334184,
  "mean_f1": 0.8777387479975484,
  "std_f1": 0.0860027084067965,
  "mean_bce": 0.08395628903934367,
  "std_bce": 0.1073153362484952,
  "mean_ece": 0.021180411604833523,
  "std_ece": 0.029491434098369955,
  "dice_1pct_low": 0.4298568916320801,
  "jaccard_1pct_low": 0.2738926684856415,
  "f1_1pct_low": 0.4298569071292877,
  "sensitivity_1pct_low": 0.700482587814331,
  "total_time_sec": 39.385680823994335,
  "avg_inference_time_ms": 45.03115977090925,
  "avg_data_time_ms": 0.6549781665227746,
  "avg_ood_time_ms": 2.212908400064883,
  "avg_metrics_time_ms": 9.61161585102698,
  "avg_post_time_ms": 0.02661248042766308,
  "throughput_samples_per_sec": 14.649994310838043,
  "mean_ood_score": 0.05780407325106397,
  "std_ood_score": 0.06296728547829042,
  "num_ood_detected": 0,
  "ood_ratio": 0.0,
  "eval_config": {
    "mode": "ood_tta_ood",
    "eval_batch": 1,
    "eval_batch_source": "autobatch",
    "eval_workers": 16,
    "eval_prefetch": 4,
    "autobatch_probe_tput": 29.20741972366958,
    "autobatch_reason": "ok",
    "autobatch_raw_batch": 1,
    "autobatch_max_stable": 4,
    "autobatch_safety": 1.0,
    "tta_cache_model_hash": "0072d566130aa5a4",
    "tta_cache_aug_set": "none,hflip,vflip,hvflip,rotate_90,rotate_270",
    "tta_cache_fusion": "entropy_weighted",
    "tta_cache_hits": 577,
    "tta_cache_misses": 0,
    "tta_unc_cache_hits": 577,
    "baseline_cache_model_hash": "0072d566130aa5a4",
    "baseline_cache_hits": 0,
    "baseline_cache_misses": 577
  },
  "bottleneck_component": "inference",
  "bottleneck_component_ratio": 0.6597062344542594,
  "ood_threshold": 0.5,
  "ood_method": "entropy"
}