{
  "num_samples": 2015,
  "num_ood": 7,
  "ood_ratio": 0.0034739454094292804,
  "ood_threshold": 0.5,
  "ood_method": "entropy",
  "eval_stats": {
    "dataset": "TG3K",
    "num_samples": 2015,
    "num_ood_detected": 7,
    "ood_ratio": 0.0034739454094292804,
    "mean_ood_score": 0.22376120002852481,
    "std_ood_score": 0.10697885963513919,
    "total_time_sec": 48.36554810999951,
    "avg_inference_time_ms": 15.460372122564172,
    "avg_data_time_ms": 0.02029061484411729,
    "avg_ood_time_ms": 4.108824893792054,
    "throughput_samples_per_sec": 41.661886998927685,
    "bottleneck_component": "inference",
    "bottleneck_component_ratio": 0.6441082763316404
  },
  "dice_5pct_low": NaN,
  "jaccard_5pct_low": NaN,
  "f1_5pct_low": NaN,
  "sensitivity_5pct_low": NaN
}
