{
  "dataset": "TG3K",
  "num_samples": 577,
  "mean_dice": 0.9044563916981531,
  "std_dice": 0.08609830844432034,
  "mean_jaccard": 0.8343646654688093,
  "std_jaccard": 0.11313801051677842,
  "mean_precision": 0.8928368888550036,
  "std_precision": 0.12391887234300779,
  "mean_recall": 0.9297399291545927,
  "std_recall": 0.04746911796032604,
  "mean_sensitivity": 0.9297399291545927,
  "std_sensitivity": 0.04746911796032604,
  "mean_f1": 0.9044563907167941,
  "std_f1": 0.08609830681824693,
  "mean_bce": 0.06379431643058421,
  "std_bce": 0.08458104004589868,
  "mean_ece": 0.02041042558534113,
  "std_ece": 0.026779678395858077,
  "dice_1pct_low": 0.4614534342288971,
  "jaccard_1pct_low": 0.2999285101890564,
  "f1_1pct_low": 0.4614534342288971,
  "sensitivity_1pct_low": 0.7827679371833801,
  "total_time_sec": 39.385680823994335,
  "avg_inference_time_ms": 5.218003678934139,
  "avg_data_time_ms": 0.6549781665227746,
  "avg_ood_time_ms": 2.212908400064883,
  "avg_metrics_time_ms": 9.61161585102698,
  "avg_post_time_ms": 0.02661248042766308,
  "throughput_samples_per_sec": 14.649994310838043,
  "mean_uncertainty": 0.051546583477120385,
  "std_uncertainty": 0.054590958079188553,
  "eval_config": {
    "mode": "ood_tta_tta",
    "eval_batch": 1,
    "eval_batch_source": "autobatch",
    "eval_workers": 16,
    "eval_prefetch": 4,
    "autobatch_probe_tput": 29.20741972366958,
    "autobatch_reason": "ok",
    "autobatch_raw_batch": 1,
    "autobatch_max_stable": 4,
    "autobatch_safety": 1.0,
    "tta_cache_model_hash": "0072d566130aa5a4",
    "tta_cache_aug_set": "none,hflip,vflip,hvflip,rotate_90,rotate_270",
    "tta_cache_fusion": "entropy_weighted",
    "tta_cache_hits": 577,
    "tta_cache_misses": 0,
    "tta_unc_cache_hits": 577,
    "baseline_cache_model_hash": "0072d566130aa5a4",
    "baseline_cache_hits": 0,
    "baseline_cache_misses": 577
  },
  "bottleneck_component": "metrics",
  "bottleneck_component_ratio": 0.14081011753550599,
  "ood_threshold": 0.5,
  "ood_method": "entropy"
}