{
  "dataset": "TG3K",
  "num_samples": 621,
  "mean_dice": 0.7790496454434694,
  "std_dice": 0.07773089699978994,
  "mean_jaccard": 0.6443019351665524,
  "std_jaccard": 0.09840588503195012,
  "mean_precision": 0.8784036117091463,
  "std_precision": 0.0958844328040721,
  "mean_recall": 0.7192983252990649,
  "std_recall": 0.12362141100708993,
  "mean_sensitivity": 0.7192983252990649,
  "std_sensitivity": 0.12362141100708993,
  "mean_f1": 0.7790496464512774,
  "std_f1": 0.07773089665693478,
  "mean_bce": 0.1479474402718162,
  "std_bce": 0.12850981457535543,
  "dice_5pct_low": 0.6356273293495178,
  "jaccard_5pct_low": 0.46587517857551575,
  "f1_5pct_low": 0.6356273293495178,
  "sensitivity_5pct_low": 0.4940134286880493,
  "total_time_sec": 19.94855997400009,
  "avg_inference_time_ms": 9.174801035382167,
  "avg_data_time_ms": 0.30288054754405663,
  "avg_ood_time_ms": 0.0009163686539415396,
  "avg_metrics_time_ms": 2.801804599210083,
  "avg_post_time_ms": 0.006943549105077202,
  "throughput_samples_per_sec": 31.130066571691337,
  "eval_config": {
    "mode": "baseline",
    "eval_batch": 4,
    "eval_batch_source": "manual",
    "eval_workers": 4,
    "eval_prefetch": 2,
    "autobatch_probe_tput": null,
    "autobatch_reason": "manual_override",
    "autobatch_raw_batch": 4,
    "autobatch_max_stable": null,
    "autobatch_safety": null,
    "baseline_cache_model_hash": "a69d801c5fffda40",
    "baseline_cache_hits": 621,
    "baseline_cache_misses": 0,
    "baseline_input_cache_hits": 0,
    "baseline_input_cache_misses": 0,
    "baseline_input_cache_writes": 0
  },
  "bottleneck_component": "inference",
  "bottleneck_component_ratio": 0.2856121670134695
}