{
  "dataset": "TG3K",
  "num_samples": 577,
  "mean_dice": 0.904464627314275,
  "std_dice": 0.08610345228576662,
  "mean_jaccard": 0.834379465085175,
  "std_jaccard": 0.11314408149892945,
  "mean_precision": 0.8927872027795071,
  "std_precision": 0.12391664327637636,
  "mean_recall": 0.929809298321114,
  "std_recall": 0.04744410419465555,
  "mean_sensitivity": 0.929809298321114,
  "std_sensitivity": 0.04744410419465555,
  "mean_f1": 0.9044646258164113,
  "std_f1": 0.08610345212269992,
  "mean_bce": 0.06379297968408536,
  "std_bce": 0.0845821369104049,
  "mean_ece": 0.020409559865120597,
  "std_ece": 0.02677941634552068,
  "dice_1pct_low": 0.4614317750930786,
  "jaccard_1pct_low": 0.29991019248962403,
  "f1_1pct_low": 0.46143178224563597,
  "sensitivity_1pct_low": 0.7828140187263489,
  "total_time_sec": 379.96027282299474,
  "avg_inference_time_ms": 547.3295964157736,
  "avg_data_time_ms": 0.19008084054046875,
  "avg_ood_time_ms": 1.3729969790710566,
  "avg_metrics_time_ms": 62.23632245907334,
  "avg_post_time_ms": 0.8056986657287231,
  "throughput_samples_per_sec": 1.5185798128658483,
  "mean_uncertainty": 0.05154507686190333,
  "std_uncertainty": 0.05458983365604926,
  "eval_config": {
    "mode": "ood_tta_tta",
    "eval_batch": 1,
    "eval_batch_source": "autobatch",
    "eval_workers": 16,
    "eval_prefetch": 4
  },
  "bottleneck_component": "inference",
  "bottleneck_component_ratio": 0.8311636761010057,
  "ood_threshold": 0.5,
  "ood_method": "entropy"
}