{
  "dataset": "TG3K",
  "num_samples": 621,
  "mean_dice": 0.9620776776338353,
  "std_dice": 0.032213536141844405,
  "mean_jaccard": 0.9286501066888204,
  "std_jaccard": 0.05564420049810687,
  "mean_precision": 0.9561389459120094,
  "std_precision": 0.04955162749462484,
  "mean_recall": 0.9695509895802312,
  "std_recall": 0.02378060255470558,
  "mean_sensitivity": 0.9695509895802312,
  "std_sensitivity": 0.02378060255470558,
  "mean_f1": 0.9620776774418719,
  "std_f1": 0.032213535344800065,
  "mean_bce": 0.023232165627213773,
  "std_bce": 0.05431628218419021,
  "dice_5pct_low": 0.9011549949645996,
  "jaccard_5pct_low": 0.8200928568840027,
  "f1_5pct_low": 0.9011549949645996,
  "sensitivity_5pct_low": 0.9208760857582092,
  "total_time_sec": 526.7857447440001,
  "avg_inference_time_ms": 68.83347870375759,
  "avg_data_time_ms": 0.5271251514191889,
  "avg_ood_time_ms": 3.2136424122423315,
  "avg_metrics_time_ms": 6.456300128813262,
  "avg_post_time_ms": 0.029060061198494084,
  "throughput_samples_per_sec": 1.1788473894672014,
  "mean_ood_score": 0.014865157279544383,
  "std_ood_score": 0.010363020938962323,
  "num_ood_detected": 1,
  "ood_ratio": 0.001610305958132045,
  "eval_config": {
    "mode": "ood_tta_ood",
    "eval_batch": 1,
    "eval_batch_source": "autobatch",
    "eval_workers": 16,
    "eval_prefetch": 4,
    "autobatch_probe_tput": 25.21103304893035,
    "autobatch_reason": "ok",
    "autobatch_raw_batch": 1,
    "autobatch_max_stable": 4,
    "autobatch_safety": 0.9,
    "tta_cache_model_hash": "51450c6a3df26394",
    "tta_cache_aug_set": "none,hflip,vflip,hvflip,rotate_90,rotate_270",
    "tta_cache_fusion": "entropy_weighted",
    "tta_cache_hits": 0,
    "tta_cache_misses": 621,
    "tta_unc_cache_hits": 0,
    "baseline_cache_model_hash": "51450c6a3df26394",
    "baseline_cache_hits": 0,
    "baseline_cache_misses": 621
  },
  "bottleneck_component": "inference",
  "bottleneck_component_ratio": 0.08114416667787083,
  "ood_threshold": 0.5,
  "ood_method": "entropy"
}