{
  "dataset": "TG3K",
  "num_samples": 577,
  "mean_dice": 0.9168987250410705,
  "std_dice": 0.07617702381636428,
  "mean_jaccard": 0.8543151510133694,
  "std_jaccard": 0.11134311552155712,
  "mean_precision": 0.8715097884578142,
  "std_precision": 0.11721460165245046,
  "mean_recall": 0.9786962347179393,
  "std_recall": 0.02047533047893411,
  "mean_sensitivity": 0.9786962347179393,
  "std_sensitivity": 0.02047533047893411,
  "mean_f1": 0.91689872498942,
  "std_f1": 0.07617702424376337,
  "mean_bce": 0.043912084148131456,
  "std_bce": 0.056564019546208835,
  "mean_hd95": 41.328012797820094,
  "std_hd95": 40.85245288103737,
  "mean_assd": 13.058964509278072,
  "std_assd": 11.785118937807262,
  "mean_ece": 0.01687905563660869,
  "std_ece": 0.021988308578190247,
  "total_time_sec": 2597.8393402560014,
  "avg_inference_time_ms": 4080.647715506043,
  "avg_data_time_ms": 0.8126571177999218,
  "avg_ood_time_ms": 1.1871271057303725,
  "avg_metrics_time_ms": 322.2539428700261,
  "avg_post_time_ms": 1.478602100509262,
  "throughput_samples_per_sec": 0.22210765348681652,
  "mean_uncertainty": 0.01442425717360403,
  "std_uncertainty": 0.013651967902271694,
  "bottleneck_component": "inference",
  "bottleneck_component_ratio": 0.9063430887973856
}