{
  "dataset": "TG3K",
  "num_samples": 577,
  "mean_dice": 0.8777387456732771,
  "std_dice": 0.08600271037112803,
  "mean_jaccard": 0.7906279807952289,
  "std_jaccard": 0.11248673582153892,
  "mean_precision": 0.8677914994841431,
  "std_precision": 0.12314940966932447,
  "mean_recall": 0.9039371359699521,
  "std_recall": 0.0697259477334184,
  "mean_sensitivity": 0.9039371359699521,
  "std_sensitivity": 0.0697259477334184,
  "mean_f1": 0.8777387479975484,
  "std_f1": 0.0860027084067965,
  "mean_bce": 0.08395628903934367,
  "std_bce": 0.1073153362484952,
  "mean_ece": 0.021180412953395067,
  "std_ece": 0.02949143148846735,
  "total_time_sec": 22.891745050000054,
  "avg_inference_time_ms": 11.345260029462978,
  "avg_data_time_ms": 0.6508877036407854,
  "avg_ood_time_ms": 1.817465100515047,
  "avg_metrics_time_ms": 11.511617982671613,
  "avg_post_time_ms": 0.030143852686792632,
  "throughput_samples_per_sec": 25.205592616015906,
  "mean_ood_score": 0.05780407325106397,
  "std_ood_score": 0.06296728547829042,
  "num_ood_detected": 0,
  "ood_ratio": 0.0,
  "eval_config": {
    "mode": "ood_tta_ood",
    "eval_batch": 1,
    "eval_batch_source": "autobatch",
    "eval_workers": 16,
    "eval_prefetch": 4,
    "autobatch_probe_tput": 30.143775711957975,
    "autobatch_reason": "ok",
    "autobatch_raw_batch": 1,
    "autobatch_max_stable": 4,
    "autobatch_safety": 1.0,
    "tta_cache_model_hash": "0072d566130aa5a4",
    "tta_cache_aug_set": "none,hflip,vflip,hvflip,rotate_90,rotate_270",
    "tta_cache_fusion": "entropy_weighted",
    "tta_cache_hits": 577,
    "tta_cache_misses": 0,
    "tta_unc_cache_hits": 577,
    "baseline_cache_model_hash": "0072d566130aa5a4",
    "baseline_cache_hits": 577,
    "baseline_cache_misses": 0
  },
  "bottleneck_component": "metrics",
  "bottleneck_component_ratio": 0.2901571532224235,
  "ood_threshold": 0.5,
  "ood_method": "entropy",
  "dice_5pct_low": 0.7723807334899903,
  "jaccard_5pct_low": 0.6291696906089783,
  "f1_5pct_low": 0.7723807454109192,
  "sensitivity_5pct_low": 0.7703409790992737
}
