{
  "dataset": "TG3K",
  "num_samples": 577,
  "mean_dice": 0.9575948268949882,
  "std_dice": 0.039540753220347814,
  "mean_jaccard": 0.9211462510933702,
  "std_jaccard": 0.06628079099964176,
  "mean_precision": 0.9552005520106601,
  "std_precision": 0.057693114939968954,
  "mean_recall": 0.9622756304732641,
  "std_recall": 0.03542964564093758,
  "mean_sensitivity": 0.9622756304732641,
  "std_sensitivity": 0.03542964564093758,
  "mean_f1": 0.9575948302006184,
  "std_f1": 0.03954075170143762,
  "mean_bce": 0.028123954743686806,
  "std_bce": 0.06843076262767168,
  "mean_hd95": 17.273206255878073,
  "std_hd95": 22.432288910155844,
  "mean_assd": 5.7918049693107605,
  "std_assd": 6.1947833755298864,
  "mean_ece": 0.004785628685665372,
  "std_ece": 0.010607880120805465,
  "total_time_sec": 2597.8393402560014,
  "avg_inference_time_ms": 78.64910220450523,
  "avg_data_time_ms": 0.8126571177999218,
  "avg_ood_time_ms": 1.1871271057303725,
  "avg_metrics_time_ms": 322.2539428700261,
  "avg_post_time_ms": 1.478602100509262,
  "throughput_samples_per_sec": 0.22210765348681652,
  "mean_ood_score": 0.018112239765408458,
  "std_ood_score": 0.013592451577021013,
  "num_ood_detected": 0,
  "ood_ratio": 0.0,
  "bottleneck_component": "metrics",
  "bottleneck_component_ratio": 0.07157506707773613
}