{
  "dataset": "TG3K",
  "num_samples": 621,
  "mean_dice": 0.9290563701239569,
  "std_dice": 0.03826327091655181,
  "mean_jaccard": 0.8697569341475261,
  "std_jaccard": 0.06295903501081539,
  "mean_precision": 0.9121597363177129,
  "std_precision": 0.0728946571980336,
  "mean_recall": 0.9513805710175187,
  "std_recall": 0.03146692728426346,
  "mean_sensitivity": 0.9513805710175187,
  "std_sensitivity": 0.03146692728426346,
  "mean_f1": 0.9290563722355546,
  "std_f1": 0.0382632696068833,
  "mean_bce": 0.04307023690370078,
  "std_bce": 0.05106265486287102,
  "dice_5pct_low": 0.8508518934249878,
  "jaccard_5pct_low": 0.7404196858406067,
  "f1_5pct_low": 0.8508518934249878,
  "sensitivity_5pct_low": 0.887649416923523,
  "total_time_sec": 513.1135701559997,
  "avg_inference_time_ms": 738.2993517375429,
  "avg_data_time_ms": 0.4840024959919728,
  "avg_ood_time_ms": 3.5434543172439024,
  "avg_metrics_time_ms": 6.382244045115124,
  "avg_post_time_ms": 0.025586747189235932,
  "throughput_samples_per_sec": 1.210258383560583,
  "mean_uncertainty": 0.047809349841737424,
  "std_uncertainty": 0.06199488675649937,
  "eval_config": {
    "mode": "ood_tta_tta",
    "eval_batch": 1,
    "eval_batch_source": "autobatch",
    "eval_workers": 16,
    "eval_prefetch": 4,
    "autobatch_probe_tput": 21.00945736536276,
    "autobatch_reason": "ok",
    "autobatch_raw_batch": 1,
    "autobatch_max_stable": 4,
    "autobatch_safety": 0.9,
    "tta_cache_model_hash": "1fd1b49c8bd21d7e",
    "tta_cache_aug_set": "none,hflip,vflip,hvflip,rotate_90,rotate_270",
    "tta_cache_fusion": "entropy_weighted",
    "tta_cache_hits": 0,
    "tta_cache_misses": 621,
    "tta_unc_cache_hits": 0,
    "baseline_cache_model_hash": "1fd1b49c8bd21d7e",
    "baseline_cache_hits": 0,
    "baseline_cache_misses": 621
  },
  "bottleneck_component": "inference",
  "bottleneck_component_ratio": 0.8935329800177051,
  "ood_threshold": 0.5,
  "ood_method": "entropy"
}