{
  "dataset": "TG3K",
  "num_samples": 577,
  "mean_dice": 0.8777447374379408,
  "std_dice": 0.08601708492392882,
  "mean_jaccard": 0.7906395972188258,
  "std_jaccard": 0.11249548055274612,
  "mean_precision": 0.8677902582199982,
  "std_precision": 0.12315588117109813,
  "mean_recall": 0.9039529716947876,
  "std_recall": 0.0697218635491211,
  "mean_sensitivity": 0.9039529716947876,
  "std_sensitivity": 0.0697218635491211,
  "mean_f1": 0.8777447371280379,
  "std_f1": 0.08601708285468734,
  "mean_bce": 0.08396013908691873,
  "std_bce": 0.10735321229089931,
  "mean_ece": 0.021179658884547353,
  "std_ece": 0.02949249097205765,
  "total_time_sec": 24.817162402000008,
  "avg_inference_time_ms": 11.65434567590864,
  "avg_data_time_ms": 1.0568117001712127,
  "avg_ood_time_ms": 1.841226329289712,
  "avg_metrics_time_ms": 12.842433726166036,
  "avg_post_time_ms": 0.03194766550908661,
  "throughput_samples_per_sec": 23.25003925321856,
  "mean_ood_score": 0.05780486222735866,
  "std_ood_score": 0.06296331135564281,
  "num_ood_detected": 0,
  "ood_ratio": 0.0,
  "eval_config": {
    "mode": "ood_tta_ood",
    "eval_batch": 1,
    "eval_batch_source": "autobatch",
    "eval_workers": 16,
    "eval_prefetch": 4,
    "autobatch_probe_tput": 29.19589071929781,
    "autobatch_reason": "ok",
    "autobatch_raw_batch": 1,
    "autobatch_max_stable": 4,
    "autobatch_safety": 1.0,
    "tta_cache_model_hash": "0072d566130aa5a4",
    "tta_cache_aug_set": "none,hflip,vflip,hvflip,rotate_90,rotate_270",
    "tta_cache_fusion": "entropy_weighted",
    "tta_cache_hits": 577,
    "tta_cache_misses": 0,
    "tta_unc_cache_hits": 577,
    "baseline_cache_model_hash": "0072d566130aa5a4",
    "baseline_cache_hits": 577,
    "baseline_cache_misses": 0
  },
  "bottleneck_component": "metrics",
  "bottleneck_component_ratio": 0.29858708824021823,
  "ood_threshold": 0.5,
  "ood_method": "entropy",
  "dice_5pct_low": 0.7723969936370849,
  "jaccard_5pct_low": 0.6291912198066711,
  "f1_5pct_low": 0.7723969936370849,
  "sensitivity_5pct_low": 0.7705326795578002
}
