{
  "dataset": "TG3K",
  "num_samples": 577,
  "mean_dice": 0.8777447374379408,
  "std_dice": 0.08601708492392882,
  "mean_jaccard": 0.7906395972188258,
  "std_jaccard": 0.11249548055274612,
  "mean_precision": 0.8677902582199982,
  "std_precision": 0.12315588117109813,
  "mean_recall": 0.9039529716947876,
  "std_recall": 0.0697218635491211,
  "mean_sensitivity": 0.9039529716947876,
  "std_sensitivity": 0.0697218635491211,
  "mean_f1": 0.8777447371280379,
  "std_f1": 0.08601708285468734,
  "mean_bce": 0.08396013905140902,
  "std_bce": 0.10735321066471824,
  "mean_ece": 0.021179655452413838,
  "std_ece": 0.029492489998586998,
  "dice_1pct_low": 0.42876103043556213,
  "jaccard_1pct_low": 0.2729958307743072,
  "f1_1pct_low": 0.42876105308532714,
  "sensitivity_1pct_low": 0.7012778520584106,
  "total_time_sec": 43.47217410999292,
  "avg_inference_time_ms": 55.68581542616651,
  "avg_data_time_ms": 0.16432757368529188,
  "avg_ood_time_ms": 1.0952759839080282,
  "avg_metrics_time_ms": 6.218112249319172,
  "avg_post_time_ms": 0.027886896206153172,
  "throughput_samples_per_sec": 13.272858140015716,
  "mean_ood_score": 0.05780486218539265,
  "std_ood_score": 0.06296331138892261,
  "num_ood_detected": 0,
  "ood_ratio": 0.0,
  "eval_config": {
    "mode": "ood_tta_ood",
    "eval_batch": 2,
    "eval_batch_source": "autobatch",
    "eval_workers": 16,
    "eval_prefetch": 4,
    "autobatch_probe_tput": 26.410673117524233,
    "autobatch_reason": "ok",
    "autobatch_raw_batch": 2,
    "autobatch_max_stable": 4,
    "autobatch_safety": 1.0,
    "tta_cache_model_hash": "0072d566130aa5a4",
    "tta_cache_aug_set": "none,hflip,vflip,hvflip,rotate_90,rotate_270",
    "tta_cache_fusion": "entropy_weighted",
    "tta_cache_hits": 577,
    "tta_cache_misses": 0,
    "tta_unc_cache_hits": 577,
    "baseline_cache_model_hash": "0072d566130aa5a4",
    "baseline_cache_hits": 0,
    "baseline_cache_misses": 577
  },
  "bottleneck_component": "inference",
  "bottleneck_component_ratio": 0.7391099285626069,
  "ood_threshold": 0.5,
  "ood_method": "entropy"
}