{
  "dataset": "TG3K",
  "num_samples": 621,
  "mean_dice": 0.9423858773881111,
  "std_dice": 0.03643193928725165,
  "mean_jaccard": 0.8931656428965201,
  "std_jaccard": 0.061534768839927784,
  "mean_precision": 0.9197022478169673,
  "std_precision": 0.06653577638801762,
  "mean_recall": 0.9696514164959943,
  "std_recall": 0.021445783349910673,
  "mean_sensitivity": 0.9696514164959943,
  "std_sensitivity": 0.021445783349910673,
  "mean_f1": 0.9423858762363305,
  "std_f1": 0.03643194014312045,
  "mean_bce": 0.03219656382123872,
  "std_bce": 0.045816624223476834,
  "dice_5pct_low": 0.8645251989364624,
  "jaccard_5pct_low": 0.76137775182724,
  "f1_5pct_low": 0.8645251989364624,
  "sensitivity_5pct_low": 0.9267401695251465,
  "total_time_sec": 526.7857447440001,
  "avg_inference_time_ms": 760.1622203977303,
  "avg_data_time_ms": 0.5271251514191889,
  "avg_ood_time_ms": 3.2136424122423315,
  "avg_metrics_time_ms": 6.456300128813262,
  "avg_post_time_ms": 0.029060061198494084,
  "throughput_samples_per_sec": 1.1788473894672014,
  "mean_uncertainty": 0.010606498556144478,
  "std_uncertainty": 0.009516934892102518,
  "eval_config": {
    "mode": "ood_tta_tta",
    "eval_batch": 1,
    "eval_batch_source": "autobatch",
    "eval_workers": 16,
    "eval_prefetch": 4,
    "autobatch_probe_tput": 25.21103304893035,
    "autobatch_reason": "ok",
    "autobatch_raw_batch": 1,
    "autobatch_max_stable": 4,
    "autobatch_safety": 0.9,
    "tta_cache_model_hash": "51450c6a3df26394",
    "tta_cache_aug_set": "none,hflip,vflip,hvflip,rotate_90,rotate_270",
    "tta_cache_fusion": "entropy_weighted",
    "tta_cache_hits": 0,
    "tta_cache_misses": 621,
    "tta_unc_cache_hits": 0,
    "baseline_cache_model_hash": "51450c6a3df26394",
    "baseline_cache_hits": 0,
    "baseline_cache_misses": 621
  },
  "bottleneck_component": "inference",
  "bottleneck_component_ratio": 0.8961152490874557,
  "ood_threshold": 0.5,
  "ood_method": "entropy"
}