{
  "dataset": "TG3K",
  "num_samples": 621,
  "mean_dice": 0.918668626299227,
  "std_dice": 0.040037037434769863,
  "mean_jaccard": 0.8519610219339626,
  "std_jaccard": 0.06468288397402076,
  "mean_precision": 0.8970488454792619,
  "std_precision": 0.0743318102488728,
  "mean_recall": 0.9468128536250472,
  "std_recall": 0.0371655790881471,
  "mean_sensitivity": 0.9468128536250472,
  "std_sensitivity": 0.0371655790881471,
  "mean_f1": 0.9186686263952086,
  "std_f1": 0.0400370351932349,
  "mean_bce": 0.04838661742381656,
  "std_bce": 0.0559676253112595,
  "dice_5pct_low": 0.8450125455856323,
  "jaccard_5pct_low": 0.7316205501556396,
  "f1_5pct_low": 0.8450125455856323,
  "sensitivity_5pct_low": 0.8743587136268616,
  "total_time_sec": 513.1135701559997,
  "avg_inference_time_ms": 69.6587238969323,
  "avg_data_time_ms": 0.4840024959919728,
  "avg_ood_time_ms": 3.5434543172439024,
  "avg_metrics_time_ms": 6.382244045115124,
  "avg_post_time_ms": 0.025586747189235932,
  "throughput_samples_per_sec": 1.210258383560583,
  "mean_ood_score": 0.048347048039267655,
  "std_ood_score": 0.05935299450426413,
  "num_ood_detected": 0,
  "ood_ratio": 0.0,
  "eval_config": {
    "mode": "ood_tta_ood",
    "eval_batch": 1,
    "eval_batch_source": "autobatch",
    "eval_workers": 16,
    "eval_prefetch": 4,
    "autobatch_probe_tput": 21.00945736536276,
    "autobatch_reason": "ok",
    "autobatch_raw_batch": 1,
    "autobatch_max_stable": 4,
    "autobatch_safety": 0.9,
    "tta_cache_model_hash": "1fd1b49c8bd21d7e",
    "tta_cache_aug_set": "none,hflip,vflip,hvflip,rotate_90,rotate_270",
    "tta_cache_fusion": "entropy_weighted",
    "tta_cache_hits": 0,
    "tta_cache_misses": 621,
    "tta_unc_cache_hits": 0,
    "baseline_cache_model_hash": "1fd1b49c8bd21d7e",
    "baseline_cache_hits": 0,
    "baseline_cache_misses": 621
  },
  "bottleneck_component": "inference",
  "bottleneck_component_ratio": 0.08430505458439423,
  "ood_threshold": 0.5,
  "ood_method": "entropy"
}