{
  "dataset": "TG3K",
  "num_samples": 621,
  "mean_dice": 0.7790610340578352,
  "std_dice": 0.07770679266425277,
  "mean_jaccard": 0.6443133825697185,
  "std_jaccard": 0.09837487132263914,
  "mean_precision": 0.8783951777958832,
  "std_precision": 0.09588400319927144,
  "mean_recall": 0.7193139218477811,
  "std_recall": 0.12358811603554055,
  "mean_sensitivity": 0.7193139218477811,
  "std_sensitivity": 0.12358811603554055,
  "mean_f1": 0.7790610354015792,
  "std_f1": 0.07770679163943872,
  "mean_bce": 0.14793822360667438,
  "std_bce": 0.12849735462826217,
  "dice_5pct_low": 0.6354941725730896,
  "jaccard_5pct_low": 0.4657320976257324,
  "f1_5pct_low": 0.6354941725730896,
  "sensitivity_5pct_low": 0.49333202838897705,
  "total_time_sec": 111.07435495999744,
  "avg_inference_time_ms": 63.32127125604649,
  "avg_data_time_ms": 2.573053726227251,
  "avg_ood_time_ms": 0.006619391227275997,
  "avg_metrics_time_ms": 5.462479990511557,
  "avg_post_time_ms": 0.02249969083756012,
  "throughput_samples_per_sec": 5.590849482976051,
  "eval_config": {
    "mode": "baseline",
    "eval_batch": 1,
    "eval_batch_source": "autobatch",
    "eval_workers": 16,
    "eval_prefetch": 4,
    "autobatch_probe_tput": 21.9915949005172,
    "autobatch_reason": "ok",
    "autobatch_raw_batch": 1,
    "autobatch_max_stable": 16,
    "autobatch_safety": 1.0,
    "baseline_cache_model_hash": "a4e156790b9cf939",
    "baseline_cache_hits": 538,
    "baseline_cache_misses": 83
  },
  "bottleneck_component": "inference",
  "bottleneck_component_ratio": 0.3540196966632538
}