{
  "num_samples": 2198,
  "num_ood": 36,
  "ood_ratio": 0.01637852593266606,
  "ood_threshold": 0.5,
  "ood_method": "entropy",
  "eval_stats": {
    "dataset": "TG3K",
    "num_samples": 2198,
    "num_ood_detected": 36,
    "ood_ratio": 0.01637852593266606,
    "mean_ood_score": 0.20921015125734085,
    "std_ood_score": 0.10438688173309113,
    "total_time_sec": 185.52930644700064,
    "avg_inference_time_ms": 41.95449566652962,
    "avg_data_time_ms": 0.020611924030942776,
    "avg_ood_time_ms": 23.198766838937342,
    "throughput_samples_per_sec": 11.847184911607986,
    "eval_config": {
      "mode": "ood_only",
      "eval_batch": 2,
      "eval_batch_source": "autobatch",
      "eval_workers": 16,
      "eval_prefetch": 4,
      "autobatch_probe_tput": 24.704775310184147,
      "autobatch_reason": "ok",
      "autobatch_raw_batch": 2,
      "autobatch_max_stable": 16,
      "autobatch_safety": 1.0,
      "baseline_cache_model_hash": "a4e156790b9cf939",
      "baseline_cache_hits": 1505,
      "baseline_cache_misses": 693
    },
    "bottleneck_component": "inference",
    "bottleneck_component_ratio": 0.49704266803463226
  }
}