{
  "dataset": "TG3K",
  "num_samples": 577,
  "mean_dice": 0.9044617090626027,
  "std_dice": 0.0861012399543599,
  "mean_jaccard": 0.8343739416095165,
  "std_jaccard": 0.11313893793124022,
  "mean_precision": 0.8928391256561725,
  "std_precision": 0.12391799918952488,
  "mean_recall": 0.9297462446644154,
  "std_recall": 0.047463520123053146,
  "mean_sensitivity": 0.9297462446644154,
  "std_sensitivity": 0.047463520123053146,
  "mean_f1": 0.9044617091142532,
  "std_f1": 0.08610123988502073,
  "mean_bce": 0.06379398473125254,
  "std_bce": 0.084581913441533,
  "mean_ece": 0.02041002035419823,
  "std_ece": 0.0267795186657752,
  "total_time_sec": 24.817162402000008,
  "avg_inference_time_ms": 10.423897972271332,
  "avg_data_time_ms": 1.0568117001712127,
  "avg_ood_time_ms": 1.841226329289712,
  "avg_metrics_time_ms": 12.842433726166036,
  "avg_post_time_ms": 0.03194766550908661,
  "throughput_samples_per_sec": 23.25003925321856,
  "mean_uncertainty": 0.05154826707953984,
  "std_uncertainty": 0.054590700909143045,
  "eval_config": {
    "mode": "ood_tta_tta",
    "eval_batch": 1,
    "eval_batch_source": "autobatch",
    "eval_workers": 16,
    "eval_prefetch": 4,
    "autobatch_probe_tput": 29.19589071929781,
    "autobatch_reason": "ok",
    "autobatch_raw_batch": 1,
    "autobatch_max_stable": 4,
    "autobatch_safety": 1.0,
    "tta_cache_model_hash": "0072d566130aa5a4",
    "tta_cache_aug_set": "none,hflip,vflip,hvflip,rotate_90,rotate_270",
    "tta_cache_fusion": "entropy_weighted",
    "tta_cache_hits": 577,
    "tta_cache_misses": 0,
    "tta_unc_cache_hits": 577,
    "baseline_cache_model_hash": "0072d566130aa5a4",
    "baseline_cache_hits": 577,
    "baseline_cache_misses": 0
  },
  "bottleneck_component": "metrics",
  "bottleneck_component_ratio": 0.29858708824021823,
  "ood_threshold": 0.5,
  "ood_method": "entropy",
  "dice_5pct_low": 0.7935261845588684,
  "jaccard_5pct_low": 0.657723581790924,
  "f1_5pct_low": 0.7935262322425842,
  "sensitivity_5pct_low": 0.8429124116897583
}
