{
  "dataset": "TG3K",
  "num_samples": 577,
  "mean_dice": 0.9044617090626027,
  "std_dice": 0.0861012399543599,
  "mean_jaccard": 0.8343739416095165,
  "std_jaccard": 0.11313893793124022,
  "mean_precision": 0.8928391256561725,
  "std_precision": 0.12391799918952488,
  "mean_recall": 0.9297462446644154,
  "std_recall": 0.047463520123053146,
  "mean_sensitivity": 0.9297462446644154,
  "std_sensitivity": 0.047463520123053146,
  "mean_f1": 0.9044617091142532,
  "std_f1": 0.08610123988502073,
  "mean_bce": 0.06379398462068825,
  "std_bce": 0.08458191252865757,
  "mean_ece": 0.02041002038980881,
  "std_ece": 0.026779516004703043,
  "dice_1pct_low": 0.4614545321464539,
  "jaccard_1pct_low": 0.29992942214012147,
  "f1_1pct_low": 0.46145453929901126,
  "sensitivity_1pct_low": 0.7826285362243652,
  "total_time_sec": 43.47217410999292,
  "avg_inference_time_ms": 5.654267686250922,
  "avg_data_time_ms": 0.16432757368529188,
  "avg_ood_time_ms": 1.0952759839080282,
  "avg_metrics_time_ms": 6.218112249319172,
  "avg_post_time_ms": 0.027886896206153172,
  "throughput_samples_per_sec": 13.272858140015716,
  "mean_uncertainty": 0.05154826707953984,
  "std_uncertainty": 0.054590700909143045,
  "eval_config": {
    "mode": "ood_tta_tta",
    "eval_batch": 2,
    "eval_batch_source": "autobatch",
    "eval_workers": 16,
    "eval_prefetch": 4,
    "autobatch_probe_tput": 26.410673117524233,
    "autobatch_reason": "ok",
    "autobatch_raw_batch": 2,
    "autobatch_max_stable": 4,
    "autobatch_safety": 1.0,
    "tta_cache_model_hash": "0072d566130aa5a4",
    "tta_cache_aug_set": "none,hflip,vflip,hvflip,rotate_90,rotate_270",
    "tta_cache_fusion": "entropy_weighted",
    "tta_cache_hits": 577,
    "tta_cache_misses": 0,
    "tta_unc_cache_hits": 577,
    "baseline_cache_model_hash": "0072d566130aa5a4",
    "baseline_cache_hits": 0,
    "baseline_cache_misses": 577
  },
  "bottleneck_component": "metrics",
  "bottleneck_component_ratio": 0.08253212178390741,
  "ood_threshold": 0.5,
  "ood_method": "entropy"
}