{
  "dataset": "TG3K",
  "num_samples": 577,
  "mean_dice": 0.7656719841360012,
  "std_dice": 0.10103692027026752,
  "mean_jaccard": 0.6297495614614602,
  "std_jaccard": 0.11645256813633349,
  "mean_precision": 0.8464475353885977,
  "std_precision": 0.14530458587738948,
  "mean_recall": 0.7282575956405345,
  "std_recall": 0.12399432636845643,
  "mean_sensitivity": 0.7282575956405345,
  "std_sensitivity": 0.12399432636845643,
  "mean_f1": 0.7656719818633805,
  "std_f1": 0.10103691924745856,
  "mean_bce": 0.17269202329192562,
  "std_bce": 0.1505589289767543,
  "mean_hd95": 104.04494541273993,
  "std_hd95": 78.75826273479518,
  "mean_assd": 31.30386804583994,
  "std_assd": 19.208260317501423,
  "mean_ece": 0.04854430688102851,
  "std_ece": 0.04078763097663306,
  "total_time_sec": 142.76739575400006,
  "avg_inference_time_ms": 8.310692074540587,
  "avg_data_time_ms": 3.6762075667131624,
  "avg_ood_time_ms": 0.0024745737010188583,
  "avg_metrics_time_ms": 217.938560764286,
  "avg_post_time_ms": 0.9004577001695414,
  "throughput_samples_per_sec": 4.041539014931801,
  "bottleneck_component": "metrics",
  "bottleneck_component_ratio": 0.8808071961869469
}