{
  "dataset": "TN3K",
  "num_samples": 577,
  "mean_dice": 0.900776106134651,
  "std_dice": 0.0827713952087661,
  "mean_jaccard": 0.8280011320186447,
  "std_jaccard": 0.11487864476154042,
  "mean_precision": 0.8426188665411501,
  "std_precision": 0.12027725134007196,
  "mean_recall": 0.9804986828947811,
  "std_recall": 0.02486001077071724,
  "mean_sensitivity": 0.9804986828947811,
  "std_sensitivity": 0.02486001077071724,
  "mean_f1": 0.9007761071676604,
  "std_f1": 0.0827713952160266,
  "mean_bce": 0.039379444351400436,
  "std_bce": 0.053903305076260705,
  "mean_hd95": 42.679839011907994,
  "std_hd95": 42.476394112050734,
  "mean_assd": 13.67574310819239,
  "std_assd": 12.418688664851386,
  "mean_ece": 0.016051100723372177,
  "std_ece": 0.021990184624905762,
  "total_time_sec": 2590.317980211,
  "avg_inference_time_ms": 4082.7116352755697,
  "avg_data_time_ms": 0.7063709185463007,
  "avg_ood_time_ms": 1.2322654696495026,
  "avg_metrics_time_ms": 307.51223083014474,
  "avg_post_time_ms": 1.4016265095634706,
  "throughput_samples_per_sec": 0.22275257493792297,
  "mean_uncertainty": 0.011081426079936594,
  "std_uncertainty": 0.012321072549071183,
  "bottleneck_component": "inference",
  "bottleneck_component_ratio": 0.9094345294866513
}