{
  "dataset": "TN3K",
  "num_samples": 629,
  "mean_dice": 0.790221589547841,
  "std_dice": 0.07107000363547078,
  "mean_jaccard": 0.6586784856402818,
  "std_jaccard": 0.09364120249905113,
  "mean_precision": 0.9002481742579911,
  "std_precision": 0.0909828020820286,
  "mean_recall": 0.7189820328748093,
  "std_recall": 0.11035787496491191,
  "mean_sensitivity": 0.7189820328748093,
  "std_sensitivity": 0.11035787496491191,
  "mean_f1": 0.7902215909692555,
  "std_f1": 0.07107000481864573,
  "mean_bce": 0.10489420120164586,
  "std_bce": 0.09756246934962379,
  "dice_5pct_low": 0.6582381248474121,
  "jaccard_5pct_low": 0.49057760238647463,
  "f1_5pct_low": 0.6582381010055542,
  "sensitivity_5pct_low": 0.5143501043319703,
  "total_time_sec": 95.8727897960016,
  "avg_inference_time_ms": 42.94770316053022,
  "avg_data_time_ms": 0.2391697074325414,
  "avg_ood_time_ms": 0.0018774833080350659,
  "avg_metrics_time_ms": 2.927333836249666,
  "avg_post_time_ms": 0.013127437223042162,
  "throughput_samples_per_sec": 6.5607770602940425,
  "eval_config": {
    "mode": "baseline",
    "eval_batch": 2,
    "eval_batch_source": "autobatch",
    "eval_workers": 16,
    "eval_prefetch": 4,
    "autobatch_probe_tput": 12.750382529055056,
    "autobatch_reason": "ok",
    "autobatch_raw_batch": 2,
    "autobatch_max_stable": 16,
    "autobatch_safety": 1.0,
    "baseline_cache_model_hash": "a4e156790b9cf939",
    "baseline_cache_hits": 530,
    "baseline_cache_misses": 99
  },
  "bottleneck_component": "inference",
  "bottleneck_component_ratio": 0.2817703056879246
}