{
  "dataset": "TN3K",
  "num_samples": 577,
  "mean_dice": 0.7678292782233134,
  "std_dice": 0.1122164761710986,
  "mean_jaccard": 0.6345051749652991,
  "std_jaccard": 0.1264396204482803,
  "mean_precision": 0.8600360625181379,
  "std_precision": 0.16272736061681614,
  "mean_recall": 0.7194036131844157,
  "std_recall": 0.11816453456732995,
  "mean_sensitivity": 0.7194036131844157,
  "std_sensitivity": 0.11816453456732995,
  "mean_f1": 0.7678292791748119,
  "std_f1": 0.11221647665017437,
  "mean_bce": 0.1321177754544716,
  "std_bce": 0.14008758103031801,
  "mean_ece": 0.043506135523280504,
  "std_ece": 0.0435743647127533,
  "dice_5pct_low": 0.5601400971412659,
  "jaccard_5pct_low": 0.3890300989151001,
  "f1_5pct_low": 0.5601400971412659,
  "sensitivity_5pct_low": 0.5112342357635498,
  "total_time_sec": 115.52123968900014,
  "avg_inference_time_ms": 12.422512438493344,
  "avg_data_time_ms": 0.2604287902933556,
  "avg_ood_time_ms": 0.0017613327671693834,
  "avg_metrics_time_ms": 7.538475022542481,
  "avg_post_time_ms": 0.013743859631058527,
  "throughput_samples_per_sec": 4.9947524935965655,
  "eval_config": {
    "mode": "baseline",
    "eval_batch": 2,
    "eval_batch_source": "autobatch",
    "eval_workers": 16,
    "eval_prefetch": 4,
    "autobatch_probe_tput": 17.792720895563203,
    "autobatch_reason": "ok",
    "autobatch_raw_batch": 2,
    "autobatch_max_stable": 16,
    "autobatch_safety": 1.0,
    "baseline_cache_model_hash": "a4e156790b9cf939",
    "baseline_cache_hits": 577,
    "baseline_cache_misses": 0
  },
  "bottleneck_component": "inference",
  "bottleneck_component_ratio": 0.062047374978898985
}