{
  "num_samples": 2201,
  "num_ood": 38,
  "ood_ratio": 0.017264879600181735,
  "ood_threshold": 0.5,
  "ood_method": "entropy",
  "eval_stats": {
    "dataset": "TN3K",
    "num_samples": 2201,
    "num_ood_detected": 38,
    "ood_ratio": 0.017264879600181735,
    "mean_ood_score": 0.22502267867773568,
    "std_ood_score": 0.10792520392896005,
    "total_time_sec": 181.12903112800086,
    "avg_inference_time_ms": 24.809921596540747,
    "avg_data_time_ms": 0.03363150384941614,
    "avg_ood_time_ms": 24.88548650886045,
    "throughput_samples_per_sec": 12.151558401726282,
    "eval_config": {
      "mode": "ood_only",
      "eval_batch": 2,
      "eval_batch_source": "autobatch",
      "eval_workers": 16,
      "eval_prefetch": 4,
      "autobatch_probe_tput": 12.749701428312925,
      "autobatch_reason": "ok",
      "autobatch_raw_batch": 2,
      "autobatch_max_stable": 16,
      "autobatch_safety": 1.0,
      "baseline_cache_model_hash": "a4e156790b9cf939",
      "baseline_cache_hits": 2201,
      "baseline_cache_misses": 0
    },
    "bottleneck_component": "ood",
    "bottleneck_component_ratio": 0.30239744266778923
  }
}