{
  "dataset": "TN3K",
  "num_samples": 629,
  "mean_dice": 0.7902373206255356,
  "std_dice": 0.07106879897708064,
  "mean_jaccard": 0.658699448565421,
  "std_jaccard": 0.09363311046999302,
  "mean_precision": 0.9002500346999479,
  "std_precision": 0.09098095976701986,
  "mean_recall": 0.7190057232573226,
  "std_recall": 0.1103470404407135,
  "mean_sensitivity": 0.7190057232573226,
  "std_sensitivity": 0.1103470404407135,
  "mean_f1": 0.7902373202464917,
  "std_f1": 0.07106879946314025,
  "mean_bce": 0.10489769798921146,
  "std_bce": 0.09757624553997549,
  "dice_5pct_low": 0.6578027725219726,
  "jaccard_5pct_low": 0.4900941252708435,
  "f1_5pct_low": 0.6578027606010437,
  "sensitivity_5pct_low": 0.5144699692726136,
  "total_time_sec": 18.327068244994734,
  "avg_inference_time_ms": 9.548425044588091,
  "avg_data_time_ms": 0.15584906680087096,
  "avg_ood_time_ms": 0.0009899412288103956,
  "avg_metrics_time_ms": 4.022815899921316,
  "avg_post_time_ms": 0.009459381504243445,
  "throughput_samples_per_sec": 34.32081943448783,
  "eval_config": {
    "mode": "baseline",
    "eval_batch": 4,
    "eval_batch_source": "manual",
    "eval_workers": 4,
    "eval_prefetch": 2,
    "autobatch_probe_tput": null,
    "autobatch_reason": "manual_override",
    "autobatch_raw_batch": 4,
    "autobatch_max_stable": null,
    "autobatch_safety": null,
    "baseline_cache_model_hash": "a69d801c5fffda40",
    "baseline_cache_hits": 629,
    "baseline_cache_misses": 0,
    "baseline_input_cache_hits": 0,
    "baseline_input_cache_misses": 0,
    "baseline_input_cache_writes": 0
  },
  "bottleneck_component": "inference",
  "bottleneck_component_ratio": 0.32770977183904926
}