{
  "dataset": "TN3K",
  "num_samples": 577,
  "mean_dice": 0.7678393961593792,
  "std_dice": 0.1122132584149296,
  "mean_jaccard": 0.6345176602571725,
  "std_jaccard": 0.12643308228475364,
  "mean_precision": 0.8600581897595377,
  "std_precision": 0.16272734395978564,
  "mean_recall": 0.7194071073775895,
  "std_recall": 0.11815581612094607,
  "mean_sensitivity": 0.7194071073775895,
  "std_sensitivity": 0.11815581612094607,
  "mean_f1": 0.7678393926180938,
  "std_f1": 0.11221325806950509,
  "mean_bce": 0.13211991687658756,
  "std_bce": 0.14010445691489118,
  "mean_ece": 0.04351535439975495,
  "std_ece": 0.043600323915821707,
  "dice_1pct_low": 0.3404671669006348,
  "jaccard_1pct_low": 0.20516001164913178,
  "f1_1pct_low": 0.34046719670295716,
  "sensitivity_1pct_low": 0.41829161405563353,
  "total_time_sec": 134.8940913510014,
  "avg_inference_time_ms": 5.508629511406265,
  "avg_data_time_ms": 0.06102239159746919,
  "avg_ood_time_ms": 0.001544410651759527,
  "avg_metrics_time_ms": 141.2488121561649,
  "avg_post_time_ms": 0.4848869306556283,
  "throughput_samples_per_sec": 4.277429754121818,
  "eval_config": {
    "mode": "baseline",
    "eval_batch": 4,
    "eval_batch_source": "autobatch",
    "eval_workers": 16,
    "eval_prefetch": 4
  },
  "bottleneck_component": "metrics",
  "bottleneck_component_ratio": 0.6041818718511431
}