{
  "dataset": "TN3K",
  "num_samples": 577,
  "mean_dice": 0.955485100556081,
  "std_dice": 0.0397616514754874,
  "mean_jaccard": 0.9171546406307914,
  "std_jaccard": 0.06319778511509301,
  "mean_precision": 0.9525065438586257,
  "std_precision": 0.060285803063948394,
  "mean_recall": 0.9610818092496598,
  "std_recall": 0.029319604767002672,
  "mean_sensitivity": 0.9610818092496598,
  "std_sensitivity": 0.029319604767002672,
  "mean_f1": 0.9554850993164697,
  "std_f1": 0.0397616495278531,
  "mean_bce": 0.026586511139164756,
  "std_bce": 0.07670083757813993,
  "mean_hd95": 16.10814719514169,
  "std_hd95": 20.07208995952975,
  "mean_assd": 5.4583393494425865,
  "std_assd": 6.012508898433716,
  "mean_ece": 0.004353371468562095,
  "std_ece": 0.009858514837302173,
  "total_time_sec": 2590.317980211,
  "avg_inference_time_ms": 77.71480915251284,
  "avg_data_time_ms": 0.7063709185463007,
  "avg_ood_time_ms": 1.2322654696495026,
  "avg_metrics_time_ms": 307.51223083014474,
  "avg_post_time_ms": 1.4016265095634706,
  "throughput_samples_per_sec": 0.22275257493792297,
  "mean_ood_score": 0.014965031655550494,
  "std_ood_score": 0.0128685396259303,
  "num_ood_detected": 0,
  "ood_ratio": 0.0,
  "bottleneck_component": "metrics",
  "bottleneck_component_ratio": 0.06849914124231968
}