{
  "dataset": "TN3K",
  "num_samples": 629,
  "mean_dice": 0.9235157551560759,
  "std_dice": 0.03904653655223841,
  "mean_jaccard": 0.8602314870952612,
  "std_jaccard": 0.06436981998651073,
  "mean_precision": 0.8928567656272924,
  "std_precision": 0.07437176820877418,
  "mean_recall": 0.9613397514687434,
  "std_recall": 0.027065695703911805,
  "mean_sensitivity": 0.9613397514687434,
  "std_sensitivity": 0.027065695703911805,
  "mean_f1": 0.9235157561036854,
  "std_f1": 0.039046535400185045,
  "mean_bce": 0.031279586922763794,
  "std_bce": 0.04205956451084671,
  "dice_5pct_low": 0.8452364087104798,
  "jaccard_5pct_low": 0.7319562554359436,
  "f1_5pct_low": 0.8452364802360535,
  "sensitivity_5pct_low": 0.9082908749580383,
  "total_time_sec": 499.85793440999987,
  "avg_inference_time_ms": 708.9172902988789,
  "avg_data_time_ms": 0.5807095182987994,
  "avg_ood_time_ms": 4.073681702700689,
  "avg_metrics_time_ms": 6.590247952332623,
  "avg_post_time_ms": 0.026397346614712675,
  "throughput_samples_per_sec": 1.258357538612308,
  "mean_uncertainty": 0.0299798501316763,
  "std_uncertainty": 0.043055050700299136,
  "eval_config": {
    "mode": "ood_tta_tta",
    "eval_batch": 1,
    "eval_batch_source": "autobatch",
    "eval_workers": 16,
    "eval_prefetch": 4,
    "autobatch_probe_tput": 27.465824378129636,
    "autobatch_reason": "ok",
    "autobatch_raw_batch": 1,
    "autobatch_max_stable": 4,
    "autobatch_safety": 0.9,
    "tta_cache_model_hash": "1fd1b49c8bd21d7e",
    "tta_cache_aug_set": "none,hflip,vflip,hvflip,rotate_90,rotate_270",
    "tta_cache_fusion": "entropy_weighted",
    "tta_cache_hits": 0,
    "tta_cache_misses": 629,
    "tta_unc_cache_hits": 0,
    "baseline_cache_model_hash": "1fd1b49c8bd21d7e",
    "baseline_cache_hits": 0,
    "baseline_cache_misses": 629
  },
  "bottleneck_component": "inference",
  "bottleneck_component_ratio": 0.8920714165002045,
  "ood_threshold": 0.5,
  "ood_method": "entropy"
}