{
  "num_samples": 2201,
  "num_ood": 38,
  "ood_ratio": 0.017264879600181735,
  "ood_threshold": 0.5,
  "ood_method": "entropy",
  "eval_stats": {
    "dataset": "TN3K",
    "num_samples": 2201,
    "num_ood_detected": 38,
    "ood_ratio": 0.017264879600181735,
    "mean_ood_score": 0.22502267867773568,
    "std_ood_score": 0.10792520392896005,
    "total_time_sec": 158.98447224899792,
    "avg_inference_time_ms": 44.36902544479808,
    "avg_data_time_ms": 0.015080213086037046,
    "avg_ood_time_ms": 10.54833777915854,
    "throughput_samples_per_sec": 13.844119295831879,
    "eval_config": {
      "mode": "ood_only",
      "eval_batch": 3,
      "eval_batch_source": "autobatch",
      "eval_workers": 16,
      "eval_prefetch": 4,
      "autobatch_probe_tput": 22.52040235845143,
      "autobatch_reason": "ok",
      "autobatch_raw_batch": 4,
      "autobatch_max_stable": 16,
      "autobatch_safety": 0.9,
      "baseline_cache_model_hash": "a4e156790b9cf939",
      "baseline_cache_hits": 2201,
      "baseline_cache_misses": 0
    },
    "bottleneck_component": "inference",
    "bottleneck_component_ratio": 0.6142500812975848
  }
}