{
  "dataset": "TN3K",
  "num_samples": 577,
  "mean_dice": 0.8975419839214618,
  "std_dice": 0.09507171918376274,
  "mean_jaccard": 0.8245388349934611,
  "std_jaccard": 0.12222230800876312,
  "mean_precision": 0.8756312574138881,
  "std_precision": 0.13519840701644817,
  "mean_recall": 0.9367130690058968,
  "std_recall": 0.04203559277105677,
  "mean_sensitivity": 0.9367130690058968,
  "std_sensitivity": 0.04203559277105677,
  "mean_f1": 0.8975419840376753,
  "std_f1": 0.09507172043672925,
  "mean_bce": 0.05525082892752809,
  "std_bce": 0.09600709978898872,
  "mean_ece": 0.01690730554375723,
  "std_ece": 0.02933586907958656,
  "dice_1pct_low": 0.4620120644569397,
  "jaccard_1pct_low": 0.300400310754776,
  "f1_1pct_low": 0.4620120418071747,
  "sensitivity_1pct_low": 0.800164999961853,
  "total_time_sec": 43.02807471199776,
  "avg_inference_time_ms": 5.344245814590391,
  "avg_data_time_ms": 0.5917762389474757,
  "avg_ood_time_ms": 2.0916417413701884,
  "avg_metrics_time_ms": 9.90491326333611,
  "avg_post_time_ms": 0.034987174827553834,
  "throughput_samples_per_sec": 13.409849356776167,
  "mean_uncertainty": 0.03613409476412825,
  "std_uncertainty": 0.04216587315261597,
  "eval_config": {
    "mode": "ood_tta_tta",
    "eval_batch": 1,
    "eval_batch_source": "autobatch",
    "eval_workers": 16,
    "eval_prefetch": 4,
    "autobatch_probe_tput": 21.373754694028705,
    "autobatch_reason": "ok",
    "autobatch_raw_batch": 1,
    "autobatch_max_stable": 4,
    "autobatch_safety": 1.0,
    "tta_cache_model_hash": "0072d566130aa5a4",
    "tta_cache_aug_set": "none,hflip,vflip,hvflip,rotate_90,rotate_270",
    "tta_cache_fusion": "entropy_weighted",
    "tta_cache_hits": 577,
    "tta_cache_misses": 0,
    "tta_unc_cache_hits": 577,
    "baseline_cache_model_hash": "0072d566130aa5a4",
    "baseline_cache_hits": 0,
    "baseline_cache_misses": 577
  },
  "bottleneck_component": "metrics",
  "bottleneck_component_ratio": 0.13282339475327148,
  "ood_threshold": 0.5,
  "ood_method": "entropy"
}