{
  "dataset": "TN3K",
  "num_samples": 577,
  "mean_dice": 0.7678292782233134,
  "std_dice": 0.1122164761710986,
  "mean_jaccard": 0.6345051749652991,
  "std_jaccard": 0.1264396204482803,
  "mean_precision": 0.8600360625181379,
  "std_precision": 0.16272736061681614,
  "mean_recall": 0.7194036131844157,
  "std_recall": 0.11816453456732995,
  "mean_sensitivity": 0.7194036131844157,
  "std_sensitivity": 0.11816453456732995,
  "mean_f1": 0.7678292791748119,
  "std_f1": 0.11221647665017437,
  "mean_bce": 0.1321177754544716,
  "std_bce": 0.14008758103031801,
  "mean_ece": 0.043506135994591064,
  "std_ece": 0.043574364741549264,
  "dice_1pct_low": 0.34025701880455017,
  "jaccard_1pct_low": 0.20500849008560182,
  "f1_1pct_low": 0.3402570116519928,
  "sensitivity_1pct_low": 0.4182650578022003,
  "total_time_sec": 79.6406807989988,
  "avg_inference_time_ms": 63.74941070188718,
  "avg_data_time_ms": 0.13807384583548654,
  "avg_ood_time_ms": 0.0016491125140862097,
  "avg_metrics_time_ms": 5.800346632782036,
  "avg_post_time_ms": 0.01729585780549078,
  "throughput_samples_per_sec": 7.245041029423919,
  "eval_config": {
    "mode": "baseline",
    "eval_batch": 2,
    "eval_batch_source": "autobatch",
    "eval_workers": 16,
    "eval_prefetch": 4,
    "autobatch_probe_tput": 18.17795437509826,
    "autobatch_reason": "ok",
    "autobatch_raw_batch": 2,
    "autobatch_max_stable": 16,
    "autobatch_safety": 1.0,
    "baseline_cache_model_hash": "a4e156790b9cf939",
    "baseline_cache_hits": 0,
    "baseline_cache_misses": 577
  },
  "bottleneck_component": "inference",
  "bottleneck_component_ratio": 0.46186709613676885
}