{
  "dataset": "TN3K",
  "num_samples": 577,
  "mean_dice": 0.8739220126301205,
  "std_dice": 0.09350470235712294,
  "mean_jaccard": 0.785886790868108,
  "std_jaccard": 0.11963409704249371,
  "mean_precision": 0.8513981161487371,
  "std_precision": 0.13385439805584118,
  "mean_recall": 0.9164380288619929,
  "std_recall": 0.058241017015353024,
  "mean_sensitivity": 0.9164380288619929,
  "std_sensitivity": 0.058241017015353024,
  "mean_f1": 0.8739220147994403,
  "std_f1": 0.09350470235117984,
  "mean_bce": 0.07086080189009861,
  "std_bce": 0.11960725560895248,
  "mean_ece": 0.01780196025039907,
  "std_ece": 0.03205486135175376,
  "dice_1pct_low": 0.4724473536014557,
  "jaccard_1pct_low": 0.3093418347835541,
  "f1_1pct_low": 0.47244733095169067,
  "sensitivity_1pct_low": 0.7476248478889466,
  "total_time_sec": 401.99281280300056,
  "avg_inference_time_ms": 29.221189934083426,
  "avg_data_time_ms": 0.19162904851072415,
  "avg_ood_time_ms": 1.3233591559096087,
  "avg_metrics_time_ms": 59.765446467934005,
  "avg_post_time_ms": 0.7872075113365782,
  "throughput_samples_per_sec": 1.435349045115299,
  "mean_ood_score": 0.039784971656490836,
  "std_ood_score": 0.04605846680281424,
  "num_ood_detected": 0,
  "ood_ratio": 0.0,
  "eval_config": {
    "mode": "ood_tta_ood",
    "eval_batch": 1,
    "eval_batch_source": "autobatch",
    "eval_workers": 16,
    "eval_prefetch": 4
  },
  "bottleneck_component": "metrics",
  "bottleneck_component_ratio": 0.08578427651863858,
  "ood_threshold": 0.5,
  "ood_method": "entropy"
}