{
  "dataset": "TN3K",
  "num_samples": 577,
  "mean_dice": 0.8975407955086624,
  "std_dice": 0.0950745767574333,
  "mean_jaccard": 0.8245374402370259,
  "std_jaccard": 0.12222548558655666,
  "mean_precision": 0.8756255056108614,
  "std_precision": 0.13520189139259586,
  "mean_recall": 0.9367172679826746,
  "std_recall": 0.04203804878853375,
  "mean_sensitivity": 0.9367172679826746,
  "std_sensitivity": 0.04203804878853375,
  "mean_f1": 0.8975407956119633,
  "std_f1": 0.09507457637730052,
  "mean_bce": 0.05525250235359399,
  "std_bce": 0.09601917455918095,
  "mean_ece": 0.016907627918161097,
  "std_ece": 0.02933805504425279,
  "total_time_sec": 76.85945827299997,
  "avg_inference_time_ms": 8.941976121318877,
  "avg_data_time_ms": 0.1500916412472745,
  "avg_ood_time_ms": 1.1716626256515175,
  "avg_metrics_time_ms": 8.393693932410384,
  "avg_post_time_ms": 0.023923915081778817,
  "throughput_samples_per_sec": 7.507208780349872,
  "mean_uncertainty": 0.036134667141343654,
  "std_uncertainty": 0.04216535487918525,
  "eval_config": {
    "mode": "ood_tta_tta",
    "eval_batch": 2,
    "eval_batch_source": "autobatch",
    "eval_workers": 16,
    "eval_prefetch": 4,
    "autobatch_probe_tput": 27.655320976756148,
    "autobatch_reason": "ok",
    "autobatch_raw_batch": 2,
    "autobatch_max_stable": 4,
    "autobatch_safety": 1.0,
    "tta_cache_model_hash": "0072d566130aa5a4",
    "tta_cache_aug_set": "none,hflip,vflip,hvflip,rotate_90,rotate_270",
    "tta_cache_fusion": "entropy_weighted",
    "tta_cache_hits": 577,
    "tta_cache_misses": 0,
    "tta_unc_cache_hits": 577,
    "baseline_cache_model_hash": "0072d566130aa5a4",
    "baseline_cache_hits": 577,
    "baseline_cache_misses": 0
  },
  "bottleneck_component": "inference",
  "bottleneck_component_ratio": 0.06712928165164397,
  "ood_threshold": 0.5,
  "ood_method": "entropy",
  "dice_5pct_low": 0.719144594669342,
  "jaccard_5pct_low": 0.5614565372467041,
  "f1_5pct_low": 0.7191446542739868,
  "sensitivity_5pct_low": 0.8610113978385925
}
