{
  "dataset": "TN3K",
  "num_samples": 629,
  "mean_dice": 0.9148198821965385,
  "std_dice": 0.04035003454150482,
  "mean_jaccard": 0.8454385214086936,
  "std_jaccard": 0.06535393178809772,
  "mean_precision": 0.8829015254595322,
  "std_precision": 0.0741599738798369,
  "mean_recall": 0.9543837156318519,
  "std_recall": 0.033768549219280214,
  "mean_sensitivity": 0.9543837156318519,
  "std_sensitivity": 0.033768549219280214,
  "mean_f1": 0.9148198819122557,
  "std_f1": 0.040350033880135215,
  "mean_bce": 0.03628128716320137,
  "std_bce": 0.04884378813159407,
  "dice_5pct_low": 0.8311564564704895,
  "jaccard_5pct_low": 0.7110984444618226,
  "f1_5pct_low": 0.8311564326286316,
  "sensitivity_5pct_low": 0.8914077043533325,
  "total_time_sec": 499.85793440999987,
  "avg_inference_time_ms": 67.43909721303238,
  "avg_data_time_ms": 0.5807095182987994,
  "avg_ood_time_ms": 4.073681702700689,
  "avg_metrics_time_ms": 6.590247952332623,
  "avg_post_time_ms": 0.026397346614712675,
  "throughput_samples_per_sec": 1.258357538612308,
  "mean_ood_score": 0.031318369420172736,
  "std_ood_score": 0.04209215718092374,
  "num_ood_detected": 0,
  "ood_ratio": 0.0,
  "eval_config": {
    "mode": "ood_tta_ood",
    "eval_batch": 1,
    "eval_batch_source": "autobatch",
    "eval_workers": 16,
    "eval_prefetch": 4,
    "autobatch_probe_tput": 27.465824378129636,
    "autobatch_reason": "ok",
    "autobatch_raw_batch": 1,
    "autobatch_max_stable": 4,
    "autobatch_safety": 0.9,
    "tta_cache_model_hash": "1fd1b49c8bd21d7e",
    "tta_cache_aug_set": "none,hflip,vflip,hvflip,rotate_90,rotate_270",
    "tta_cache_fusion": "entropy_weighted",
    "tta_cache_hits": 0,
    "tta_cache_misses": 629,
    "tta_unc_cache_hits": 0,
    "baseline_cache_model_hash": "1fd1b49c8bd21d7e",
    "baseline_cache_hits": 0,
    "baseline_cache_misses": 629
  },
  "bottleneck_component": "inference",
  "bottleneck_component_ratio": 0.08486249637522761,
  "ood_threshold": 0.5,
  "ood_method": "entropy"
}