{
  "dataset": "TN3K",
  "num_samples": 577,
  "mean_dice": 0.8739219133062627,
  "std_dice": 0.09350739085652678,
  "mean_jaccard": 0.7858873163858361,
  "std_jaccard": 0.11963892984105684,
  "mean_precision": 0.851392672912087,
  "std_precision": 0.13385639589306808,
  "mean_recall": 0.9164452074512038,
  "std_recall": 0.05823871152985003,
  "mean_sensitivity": 0.9164452074512038,
  "std_sensitivity": 0.05823871152985003,
  "mean_f1": 0.8739219150623788,
  "std_f1": 0.09350739090324942,
  "mean_bce": 0.07086067569185456,
  "std_bce": 0.1196227961080531,
  "mean_ece": 0.017801291697079145,
  "std_ece": 0.03205611104433722,
  "dice_1pct_low": 0.47242688298225405,
  "jaccard_1pct_low": 0.30932469725608824,
  "f1_1pct_low": 0.472426860332489,
  "sensitivity_1pct_low": 0.747560818195343,
  "total_time_sec": 40.40143499500118,
  "avg_inference_time_ms": 47.08887335883277,
  "avg_data_time_ms": 0.6172892308077311,
  "avg_ood_time_ms": 2.058148502249737,
  "avg_metrics_time_ms": 9.913741961854754,
  "avg_post_time_ms": 0.0279296066826274,
  "throughput_samples_per_sec": 14.281670937465252,
  "mean_ood_score": 0.039784228898491224,
  "std_ood_score": 0.04604547322764032,
  "num_ood_detected": 0,
  "ood_ratio": 0.0,
  "eval_config": {
    "mode": "ood_tta_ood",
    "eval_batch": 1,
    "eval_batch_source": "autobatch",
    "eval_workers": 16,
    "eval_prefetch": 4,
    "autobatch_probe_tput": 31.331373456349645,
    "autobatch_reason": "ok",
    "autobatch_raw_batch": 1,
    "autobatch_max_stable": 4,
    "autobatch_safety": 1.0,
    "tta_cache_model_hash": "0072d566130aa5a4",
    "tta_cache_aug_set": "none,hflip,vflip,hvflip,rotate_90,rotate_270",
    "tta_cache_fusion": "entropy_weighted",
    "tta_cache_hits": 577,
    "tta_cache_misses": 0,
    "tta_unc_cache_hits": 577,
    "baseline_cache_model_hash": "0072d566130aa5a4",
    "baseline_cache_hits": 0,
    "baseline_cache_misses": 577
  },
  "bottleneck_component": "inference",
  "bottleneck_component_ratio": 0.6725077941268238,
  "ood_threshold": 0.5,
  "ood_method": "entropy"
}