{
  "dataset": "TN3K",
  "num_samples": 629,
  "mean_dice": 0.9338150467895362,
  "std_dice": 0.03670483318248695,
  "mean_jaccard": 0.8779653108934908,
  "std_jaccard": 0.061607477274466735,
  "mean_precision": 0.8976612514645951,
  "std_precision": 0.06664970950535201,
  "mean_recall": 0.9765793137216795,
  "std_recall": 0.01937281952593116,
  "mean_sensitivity": 0.9765793137216795,
  "std_sensitivity": 0.01937281952593116,
  "mean_f1": 0.9338150451785999,
  "std_f1": 0.03670483278546075,
  "mean_bce": 0.027108326304347858,
  "std_bce": 0.042982735283180994,
  "dice_5pct_low": 0.8583916902542115,
  "jaccard_5pct_low": 0.7519160509109497,
  "f1_5pct_low": 0.8583917260169983,
  "sensitivity_5pct_low": 0.9374989151954651,
  "total_time_sec": 514.0939484280007,
  "avg_inference_time_ms": 733.7863325850782,
  "avg_data_time_ms": 0.4774356279669782,
  "avg_ood_time_ms": 2.869109817219438,
  "avg_metrics_time_ms": 5.892259163741815,
  "avg_post_time_ms": 0.025985163725760436,
  "throughput_samples_per_sec": 1.2235117762489904,
  "mean_uncertainty": 0.0077805913100000585,
  "std_uncertainty": 0.007766538855578882,
  "eval_config": {
    "mode": "ood_tta_tta",
    "eval_batch": 1,
    "eval_batch_source": "autobatch",
    "eval_workers": 16,
    "eval_prefetch": 4,
    "autobatch_probe_tput": 21.619472062154347,
    "autobatch_reason": "ok",
    "autobatch_raw_batch": 1,
    "autobatch_max_stable": 4,
    "autobatch_safety": 0.9,
    "tta_cache_model_hash": "51450c6a3df26394",
    "tta_cache_aug_set": "none,hflip,vflip,hvflip,rotate_90,rotate_270",
    "tta_cache_fusion": "entropy_weighted",
    "tta_cache_hits": 0,
    "tta_cache_misses": 629,
    "tta_unc_cache_hits": 0,
    "baseline_cache_model_hash": "51450c6a3df26394",
    "baseline_cache_hits": 0,
    "baseline_cache_misses": 629
  },
  "bottleneck_component": "inference",
  "bottleneck_component_ratio": 0.8977962191684015,
  "ood_threshold": 0.5,
  "ood_method": "entropy"
}