{
  "dataset": "TN3K",
  "num_samples": 577,
  "mean_dice": 0.8739219133062627,
  "std_dice": 0.09350739085652678,
  "mean_jaccard": 0.7858873163858361,
  "std_jaccard": 0.11963892984105684,
  "mean_precision": 0.851392672912087,
  "std_precision": 0.13385639589306808,
  "mean_recall": 0.9164452074512038,
  "std_recall": 0.05823871152985003,
  "mean_sensitivity": 0.9164452074512038,
  "std_sensitivity": 0.05823871152985003,
  "mean_f1": 0.8739219150623788,
  "std_f1": 0.09350739090324942,
  "mean_bce": 0.07086067570073197,
  "std_bce": 0.11962279528557672,
  "mean_ece": 0.017801291475093083,
  "std_ece": 0.03205611516385013,
  "total_time_sec": 76.85945827299997,
  "avg_inference_time_ms": 10.944981603119786,
  "avg_data_time_ms": 0.1500916412472745,
  "avg_ood_time_ms": 1.1716626256515175,
  "avg_metrics_time_ms": 8.393693932410384,
  "avg_post_time_ms": 0.023923915081778817,
  "throughput_samples_per_sec": 7.507208780349872,
  "mean_ood_score": 0.039784229003406245,
  "std_ood_score": 0.04604547357308731,
  "num_ood_detected": 0,
  "ood_ratio": 0.0,
  "eval_config": {
    "mode": "ood_tta_ood",
    "eval_batch": 2,
    "eval_batch_source": "autobatch",
    "eval_workers": 16,
    "eval_prefetch": 4,
    "autobatch_probe_tput": 27.655320976756148,
    "autobatch_reason": "ok",
    "autobatch_raw_batch": 2,
    "autobatch_max_stable": 4,
    "autobatch_safety": 1.0,
    "tta_cache_model_hash": "0072d566130aa5a4",
    "tta_cache_aug_set": "none,hflip,vflip,hvflip,rotate_90,rotate_270",
    "tta_cache_fusion": "entropy_weighted",
    "tta_cache_hits": 577,
    "tta_cache_misses": 0,
    "tta_unc_cache_hits": 577,
    "baseline_cache_model_hash": "0072d566130aa5a4",
    "baseline_cache_hits": 577,
    "baseline_cache_misses": 0
  },
  "bottleneck_component": "inference",
  "bottleneck_component_ratio": 0.08216626199170868,
  "ood_threshold": 0.5,
  "ood_method": "entropy",
  "dice_5pct_low": 0.692602276802063,
  "jaccard_5pct_low": 0.529757845401764,
  "f1_5pct_low": 0.692602276802063,
  "sensitivity_5pct_low": 0.8065234065055847
}
