{
  "dataset": "TN3K",
  "num_samples": 577,
  "mean_dice": 0.8975410729749984,
  "std_dice": 0.09507946967292931,
  "mean_jaccard": 0.8245390872479105,
  "std_jaccard": 0.1222329513566243,
  "mean_precision": 0.8755639136689788,
  "std_precision": 0.13520182312199402,
  "mean_recall": 0.9367893868137274,
  "std_recall": 0.0420048927029343,
  "mean_sensitivity": 0.9367893868137274,
  "std_sensitivity": 0.0420048927029343,
  "mean_f1": 0.8975410732849012,
  "std_f1": 0.09507946947176665,
  "mean_bce": 0.05525258863126888,
  "std_bce": 0.09601079459610362,
  "mean_ece": 0.016908167437101478,
  "std_ece": 0.02933831698148757,
  "dice_1pct_low": 0.46196463227272033,
  "jaccard_1pct_low": 0.30036022543907165,
  "f1_1pct_low": 0.46196465492248534,
  "sensitivity_1pct_low": 0.8006701159477234,
  "total_time_sec": 401.99281280300056,
  "avg_inference_time_ms": 600.1007179480467,
  "avg_data_time_ms": 0.19162904851072415,
  "avg_ood_time_ms": 1.3233591559096087,
  "avg_metrics_time_ms": 59.765446467934005,
  "avg_post_time_ms": 0.7872075113365782,
  "throughput_samples_per_sec": 1.435349045115299,
  "mean_uncertainty": 0.036133858076647,
  "std_uncertainty": 0.0421639721716529,
  "eval_config": {
    "mode": "ood_tta_tta",
    "eval_batch": 1,
    "eval_batch_source": "autobatch",
    "eval_workers": 16,
    "eval_prefetch": 4
  },
  "bottleneck_component": "inference",
  "bottleneck_component_ratio": 0.8613539924797342,
  "ood_threshold": 0.5,
  "ood_method": "entropy"
}