{
  "dataset": "TN3K",
  "num_samples": 577,
  "mean_dice": 0.7678393961593792,
  "std_dice": 0.1122132584149296,
  "mean_jaccard": 0.6345176602571725,
  "std_jaccard": 0.12643308228475364,
  "mean_precision": 0.8600581897595377,
  "std_precision": 0.16272734395978564,
  "mean_recall": 0.7194071073775895,
  "std_recall": 0.11815581612094607,
  "mean_sensitivity": 0.7194071073775895,
  "std_sensitivity": 0.11815581612094607,
  "mean_f1": 0.7678393926180938,
  "std_f1": 0.11221325806950509,
  "mean_bce": 0.13211991636976728,
  "std_bce": 0.14010445595034335,
  "mean_hd95": 89.37861417938973,
  "std_hd95": 87.04386994101186,
  "mean_assd": 26.473847603260747,
  "std_assd": 19.769817954202736,
  "mean_ece": 0.04351535429968216,
  "std_ece": 0.04360032361467564,
  "total_time_sec": 143.68418990400096,
  "avg_inference_time_ms": 7.718378682869492,
  "avg_data_time_ms": 3.5308880919200796,
  "avg_ood_time_ms": 0.002615485167146162,
  "avg_metrics_time_ms": 218.04399875573887,
  "avg_post_time_ms": 0.9556603969406278,
  "throughput_samples_per_sec": 4.015751492112725,
  "bottleneck_component": "metrics",
  "bottleneck_component_ratio": 0.8756105133495836
}