{
  "dataset": "TN3K",
  "num_samples": 629,
  "mean_dice": 0.960389401556388,
  "std_dice": 0.026499480406200943,
  "mean_jaccard": 0.9249728180835282,
  "std_jaccard": 0.046177611400390395,
  "mean_precision": 0.954756306540606,
  "std_precision": 0.04115709831240512,
  "mean_recall": 0.9671682961794454,
  "std_recall": 0.021944626185919507,
  "mean_sensitivity": 0.9671682961794454,
  "std_sensitivity": 0.021944626185919507,
  "mean_f1": 0.9603894018406709,
  "std_f1": 0.02649948002112368,
  "mean_bce": 0.019679129105179743,
  "std_bce": 0.048833651530443965,
  "dice_5pct_low": 0.9103662133216858,
  "jaccard_5pct_low": 0.8354791402816772,
  "f1_5pct_low": 0.9103662490844726,
  "sensitivity_5pct_low": 0.924501609802246,
  "total_time_sec": 514.0939484280007,
  "avg_inference_time_ms": 67.00964813356964,
  "avg_data_time_ms": 0.4774356279669782,
  "avg_ood_time_ms": 2.869109817219438,
  "avg_metrics_time_ms": 5.892259163741815,
  "avg_post_time_ms": 0.025985163725760436,
  "throughput_samples_per_sec": 1.2235117762489904,
  "mean_ood_score": 0.012126849169527523,
  "std_ood_score": 0.009516056184442172,
  "num_ood_detected": 0,
  "ood_ratio": 0.0,
  "eval_config": {
    "mode": "ood_tta_ood",
    "eval_batch": 1,
    "eval_batch_source": "autobatch",
    "eval_workers": 16,
    "eval_prefetch": 4,
    "autobatch_probe_tput": 21.619472062154347,
    "autobatch_reason": "ok",
    "autobatch_raw_batch": 1,
    "autobatch_max_stable": 4,
    "autobatch_safety": 0.9,
    "tta_cache_model_hash": "51450c6a3df26394",
    "tta_cache_aug_set": "none,hflip,vflip,hvflip,rotate_90,rotate_270",
    "tta_cache_fusion": "entropy_weighted",
    "tta_cache_hits": 0,
    "tta_cache_misses": 629,
    "tta_unc_cache_hits": 0,
    "baseline_cache_model_hash": "51450c6a3df26394",
    "baseline_cache_hits": 0,
    "baseline_cache_misses": 629
  },
  "bottleneck_component": "inference",
  "bottleneck_component_ratio": 0.08198709361372364,
  "ood_threshold": 0.5,
  "ood_method": "entropy"
}