{
  "dataset": "TN3K",
  "num_samples": 577,
  "mean_dice": 0.8975407955086624,
  "std_dice": 0.0950745767574333,
  "mean_jaccard": 0.8245374402370259,
  "std_jaccard": 0.12222548558655666,
  "mean_precision": 0.8756255056108614,
  "std_precision": 0.13520189139259586,
  "mean_recall": 0.9367172679826746,
  "std_recall": 0.04203804878853375,
  "mean_sensitivity": 0.9367172679826746,
  "std_sensitivity": 0.04203804878853375,
  "mean_f1": 0.8975407956119633,
  "std_f1": 0.09507457637730052,
  "mean_bce": 0.05525250213367597,
  "std_bce": 0.09601917411126773,
  "mean_ece": 0.01690762796940805,
  "std_ece": 0.029338055120716716,
  "dice_1pct_low": 0.462120498418808,
  "jaccard_1pct_low": 0.3004920327663422,
  "f1_1pct_low": 0.462120521068573,
  "sensitivity_1pct_low": 0.8002997112274169,
  "total_time_sec": 40.40143499500118,
  "avg_inference_time_ms": 5.194009856155071,
  "avg_data_time_ms": 0.6172892308077311,
  "avg_ood_time_ms": 2.058148502249737,
  "avg_metrics_time_ms": 9.913741961854754,
  "avg_post_time_ms": 0.0279296066826274,
  "throughput_samples_per_sec": 14.281670937465252,
  "mean_uncertainty": 0.036134667141343654,
  "std_uncertainty": 0.04216535487918525,
  "eval_config": {
    "mode": "ood_tta_tta",
    "eval_batch": 1,
    "eval_batch_source": "autobatch",
    "eval_workers": 16,
    "eval_prefetch": 4,
    "autobatch_probe_tput": 31.331373456349645,
    "autobatch_reason": "ok",
    "autobatch_raw_batch": 1,
    "autobatch_max_stable": 4,
    "autobatch_safety": 1.0,
    "tta_cache_model_hash": "0072d566130aa5a4",
    "tta_cache_aug_set": "none,hflip,vflip,hvflip,rotate_90,rotate_270",
    "tta_cache_fusion": "entropy_weighted",
    "tta_cache_hits": 577,
    "tta_cache_misses": 0,
    "tta_unc_cache_hits": 577,
    "baseline_cache_model_hash": "0072d566130aa5a4",
    "baseline_cache_hits": 0,
    "baseline_cache_misses": 577
  },
  "bottleneck_component": "metrics",
  "bottleneck_component_ratio": 0.1415848004581508,
  "ood_threshold": 0.5,
  "ood_method": "entropy"
}