{
  "num_samples": 2015,
  "num_ood": 6,
  "ood_ratio": 0.002977667493796526,
  "ood_threshold": 0.5,
  "ood_method": "entropy",
  "eval_stats": {
    "dataset": "TN3K",
    "num_samples": 2015,
    "num_ood_detected": 6,
    "ood_ratio": 0.002977667493796526,
    "mean_ood_score": 0.24073667565624116,
    "std_ood_score": 0.10823714892343236,
    "total_time_sec": 69.88686605299881,
    "avg_inference_time_ms": 13.654916581083766,
    "avg_data_time_ms": 0.00923604067982921,
    "avg_ood_time_ms": 4.745249285860386,
    "throughput_samples_per_sec": 28.83231304823315,
    "bottleneck_component": "inference",
    "bottleneck_component_ratio": 0.39370282951331664
  }
}