{
  "dataset": "TN5000",
  "num_samples": 1000,
  "mean_dice": 0.6721680303290486,
  "std_dice": 0.10268795961404921,
  "mean_jaccard": 0.5147616297416389,
  "std_jaccard": 0.11154955969458172,
  "mean_precision": 0.98501558303833,
  "std_precision": 0.030691001020566388,
  "mean_recall": 0.5204110626392067,
  "std_recall": 0.11763555878252303,
  "mean_sensitivity": 0.5204110626392067,
  "std_sensitivity": 0.11763555878252303,
  "mean_f1": 0.6721680298149586,
  "std_f1": 0.10268796021351319,
  "mean_bce": 0.09818581714667379,
  "std_bce": 0.06668103345754468,
  "dice_5pct_low": 0.49709544628858565,
  "jaccard_5pct_low": 0.3307565048336983,
  "f1_5pct_low": 0.49709541648626326,
  "sensitivity_5pct_low": 0.33344560116529465,
  "total_time_sec": 12.133121341998049,
  "avg_inference_time_ms": 2.952071860046999,
  "avg_data_time_ms": 0.1504727110004751,
  "avg_ood_time_ms": 0.000741853924409952,
  "avg_metrics_time_ms": 0.9403774620295735,
  "avg_post_time_ms": 2.4443094380112598,
  "throughput_samples_per_sec": 82.41902242735857,
  "eval_config": {
    "mode": "baseline",
    "eval_batch": 4,
    "eval_batch_source": "manual",
    "eval_workers": 4,
    "eval_prefetch": 2,
    "autobatch_probe_tput": null,
    "autobatch_reason": "manual_override",
    "autobatch_raw_batch": 4,
    "autobatch_max_stable": null,
    "autobatch_safety": null,
    "baseline_cache_model_hash": "a69d801c5fffda40",
    "baseline_cache_hits": 1000,
    "baseline_cache_misses": 0,
    "baseline_input_cache_hits": 0,
    "baseline_input_cache_misses": 0,
    "baseline_input_cache_writes": 0
  },
  "bottleneck_component": "inference",
  "bottleneck_component_ratio": 0.24330687684038774,
  "num_gt_boxes": 1000,
  "num_pred_boxes": 1000,
  "ap50": 0.8868394468474919,
  "map50_95": 0.42412027890276144,
  "ap_per_iou": {
    "ap50": 0.8868394468474919,
    "ap55": 0.8334627129348832,
    "ap60": 0.756043376972521,
    "ap65": 0.6680816078703289,
    "ap70": 0.5483881054862245,
    "ap75": 0.34537741605221517,
    "ap80": 0.16687662624827418,
    "ap85": 0.03423411258051514,
    "ap90": 0.0018888761904040372,
    "ap95": 1.050784475639967e-05
  }
}