{
  "dataset": "TN5000",
  "num_samples": 1000,
  "mean_dice": 0.84079808229208,
  "std_dice": 0.04271768353735227,
  "mean_jaccard": 0.7276263765692711,
  "std_jaccard": 0.06254037368031688,
  "mean_precision": 0.9951217957735061,
  "std_precision": 0.016892442037649523,
  "mean_recall": 0.7306208704710007,
  "std_recall": 0.0641346576001192,
  "mean_sensitivity": 0.7306208704710007,
  "std_sensitivity": 0.0641346576001192,
  "mean_f1": 0.8407980800271034,
  "std_f1": 0.042717684436673675,
  "mean_bce": 0.0378500841925852,
  "std_bce": 0.0349868643636831,
  "mean_ece": 0.016040291131153937,
  "std_ece": 0.01688190712927058,
  "dice_1pct_low": 0.7282644867897033,
  "jaccard_1pct_low": 0.5726539981365204,
  "f1_1pct_low": 0.728264427781105,
  "sensitivity_1pct_low": 0.5731186908483505,
  "total_time_sec": 74.43244361400139,
  "avg_inference_time_ms": 5.169376485369867,
  "avg_data_time_ms": 0.4971179206913803,
  "avg_ood_time_ms": 2.0257328257575864,
  "avg_metrics_time_ms": 10.04532284072775,
  "avg_post_time_ms": 3.799114341120003,
  "throughput_samples_per_sec": 13.435001612816745,
  "mean_uncertainty": 0.017871520842774772,
  "std_uncertainty": 0.02023137095102286,
  "eval_config": {
    "mode": "ood_tta_tta",
    "eval_batch": 1,
    "eval_batch_source": "autobatch",
    "eval_workers": 16,
    "eval_prefetch": 4,
    "autobatch_probe_tput": 24.24237840211253,
    "autobatch_reason": "ok",
    "autobatch_raw_batch": 1,
    "autobatch_max_stable": 4,
    "autobatch_safety": 1.0,
    "tta_cache_model_hash": "0072d566130aa5a4",
    "tta_cache_aug_set": "none,hflip,vflip,hvflip,rotate_90,rotate_270",
    "tta_cache_fusion": "entropy_weighted",
    "tta_cache_hits": 1000,
    "tta_cache_misses": 0,
    "tta_unc_cache_hits": 1000,
    "baseline_cache_model_hash": "0072d566130aa5a4",
    "baseline_cache_hits": 0,
    "baseline_cache_misses": 1000
  },
  "bottleneck_component": "metrics",
  "bottleneck_component_ratio": 0.1349589285664422,
  "num_gt_boxes": 1000,
  "num_pred_boxes": 1000,
  "ap50": 0.998988,
  "map50_95": 0.7782214915223759,
  "ap_per_iou": {
    "ap50": 0.998988,
    "ap55": 0.998988,
    "ap60": 0.998988,
    "ap65": 0.9955881265743822,
    "ap70": 0.9901786266079473,
    "ap75": 0.9674732737899199,
    "ap80": 0.8799790068243908,
    "ap85": 0.6540340373176062,
    "ap90": 0.2707603637329091,
    "ap95": 0.02723748037660341
  },
  "ood_threshold": 0.5,
  "ood_method": "entropy"
}