{
  "dataset": "TN5000",
  "num_samples": 1000,
  "mean_dice": 0.9683901926279068,
  "std_dice": 0.033951349895546705,
  "mean_jaccard": 0.9407230365872383,
  "std_jaccard": 0.060968534183527406,
  "mean_precision": 0.9976240564584732,
  "std_precision": 0.005831219450610561,
  "mean_recall": 0.9429752290844917,
  "std_recall": 0.06191636915367306,
  "mean_sensitivity": 0.9429752290844917,
  "std_sensitivity": 0.06191636915367306,
  "mean_f1": 0.9683901910185814,
  "std_f1": 0.033951349065407505,
  "mean_bce": 0.009746703748416621,
  "std_bce": 0.0137828989032609,
  "dice_5pct_low": 0.8914978176355361,
  "jaccard_5pct_low": 0.8042364478111267,
  "f1_5pct_low": 0.8914978742599488,
  "sensitivity_5pct_low": 0.8055675446987152,
  "total_time_sec": 834.6660032710006,
  "avg_inference_time_ms": 751.7647382780797,
  "avg_data_time_ms": 0.43353057199965406,
  "avg_ood_time_ms": 3.162463787028173,
  "avg_metrics_time_ms": 6.4845321289813,
  "avg_post_time_ms": 3.1924771920057537,
  "throughput_samples_per_sec": 1.1980840193335616,
  "mean_uncertainty": 0.0031812803765933497,
  "std_uncertainty": 0.0038189613732391684,
  "eval_config": {
    "mode": "ood_tta_tta",
    "eval_batch": 1,
    "eval_batch_source": "autobatch",
    "eval_workers": 16,
    "eval_prefetch": 4,
    "autobatch_probe_tput": 16.963916972453127,
    "autobatch_reason": "ok",
    "autobatch_raw_batch": 2,
    "autobatch_max_stable": 4,
    "autobatch_safety": 0.9,
    "tta_cache_model_hash": "51450c6a3df26394",
    "tta_cache_aug_set": "none,hflip,vflip,hvflip,rotate_90,rotate_270",
    "tta_cache_fusion": "entropy_weighted",
    "tta_cache_hits": 0,
    "tta_cache_misses": 1000,
    "tta_unc_cache_hits": 0,
    "baseline_cache_model_hash": "51450c6a3df26394",
    "baseline_cache_hits": 0,
    "baseline_cache_misses": 1000
  },
  "bottleneck_component": "inference",
  "bottleneck_component_ratio": 0.9006773192294446,
  "num_gt_boxes": 1000,
  "num_pred_boxes": 1000,
  "ap50": 1.0,
  "map50_95": 0.9947541448810618,
  "ap_per_iou": {
    "ap50": 1.0,
    "ap55": 1.0,
    "ap60": 1.0,
    "ap65": 1.0,
    "ap70": 1.0,
    "ap75": 1.0,
    "ap80": 1.0,
    "ap85": 1.0,
    "ap90": 0.9933017292644796,
    "ap95": 0.9542397195461396
  },
  "ood_threshold": 0.5,
  "ood_method": "entropy"
}