{
  "dataset": "TN5000",
  "num_samples": 1000,
  "mean_dice": 0.672157074637711,
  "std_dice": 0.10268881398076249,
  "mean_jaccard": 0.5147492018677294,
  "std_jaccard": 0.11154964551019879,
  "mean_precision": 0.9850296533107757,
  "std_precision": 0.030622163365933583,
  "mean_recall": 0.5203980837948621,
  "std_recall": 0.1176381102653894,
  "mean_sensitivity": 0.5203980837948621,
  "std_sensitivity": 0.1176381102653894,
  "mean_f1": 0.6721570738703012,
  "std_f1": 0.10268881474455836,
  "mean_bce": 0.098209486881271,
  "std_bce": 0.06670526115456184,
  "mean_hd95": 67.40869644737244,
  "std_hd95": 41.551296317773115,
  "mean_assd": 29.003608263969422,
  "std_assd": 10.310179059315981,
  "mean_ece": 0.03261678378889337,
  "std_ece": 0.018820587023029915,
  "total_time_sec": 231.9023749850021,
  "avg_inference_time_ms": 7.437147841948899,
  "avg_data_time_ms": 2.8265595430348185,
  "avg_ood_time_ms": 0.0028169558572699316,
  "avg_metrics_time_ms": 202.84280777397362,
  "avg_post_time_ms": 0.9802550438325853,
  "throughput_samples_per_sec": 4.312159373377152,
  "bottleneck_component": "metrics",
  "bottleneck_component_ratio": 0.8746905148646802
}