{
  "dataset": "TN5000",
  "num_samples": 1000,
  "mean_dice": 0.8982979097962379,
  "std_dice": 0.04130636555302816,
  "mean_jaccard": 0.8179337193965912,
  "std_jaccard": 0.06839375320490752,
  "mean_precision": 0.9973875391483307,
  "std_precision": 0.008336449699741245,
  "mean_recall": 0.8203014667630195,
  "std_recall": 0.07246034012618159,
  "mean_sensitivity": 0.8203014667630195,
  "std_sensitivity": 0.07246034012618159,
  "mean_f1": 0.8982979096770286,
  "std_f1": 0.041306364898938394,
  "mean_bce": 0.03210140505083837,
  "std_bce": 0.04114906843092578,
  "dice_5pct_low": 0.8333423614501954,
  "jaccard_5pct_low": 0.7142991304397583,
  "f1_5pct_low": 0.8333423644304275,
  "sensitivity_5pct_low": 0.7142991304397583,
  "total_time_sec": 795.0975685949998,
  "avg_inference_time_ms": 717.2959891610208,
  "avg_data_time_ms": 0.38304824796250614,
  "avg_ood_time_ms": 3.100525769043088,
  "avg_metrics_time_ms": 6.587714621973646,
  "avg_post_time_ms": 3.280871964972903,
  "throughput_samples_per_sec": 1.2577072795821511,
  "mean_uncertainty": 0.015960115347173995,
  "std_uncertainty": 0.021681138649648622,
  "eval_config": {
    "mode": "ood_tta_tta",
    "eval_batch": 1,
    "eval_batch_source": "autobatch",
    "eval_workers": 16,
    "eval_prefetch": 4,
    "autobatch_probe_tput": 21.61416858899267,
    "autobatch_reason": "ok",
    "autobatch_raw_batch": 2,
    "autobatch_max_stable": 4,
    "autobatch_safety": 0.9,
    "tta_cache_model_hash": "1fd1b49c8bd21d7e",
    "tta_cache_aug_set": "none,hflip,vflip,hvflip,rotate_90,rotate_270",
    "tta_cache_fusion": "entropy_weighted",
    "tta_cache_hits": 0,
    "tta_cache_misses": 1000,
    "tta_unc_cache_hits": 0,
    "baseline_cache_model_hash": "1fd1b49c8bd21d7e",
    "baseline_cache_hits": 0,
    "baseline_cache_misses": 1000
  },
  "bottleneck_component": "inference",
  "bottleneck_component_ratio": 0.9021483871828957,
  "num_gt_boxes": 1000,
  "num_pred_boxes": 1000,
  "ap50": 1.0,
  "map50_95": 0.9227591748571473,
  "ap_per_iou": {
    "ap50": 1.0,
    "ap55": 1.0,
    "ap60": 1.0,
    "ap65": 1.0,
    "ap70": 1.0,
    "ap75": 1.0,
    "ap80": 0.9970791116389547,
    "ap85": 0.9893147456480065,
    "ap90": 0.914211063964062,
    "ap95": 0.3269868273204495
  },
  "ood_threshold": 0.5,
  "ood_method": "entropy"
}