{
  "dataset": "TN5000",
  "num_samples": 1000,
  "mean_dice": 0.8237532915472985,
  "std_dice": 0.055185127839965015,
  "mean_jaccard": 0.7039971781075001,
  "std_jaccard": 0.07848610204874065,
  "mean_precision": 0.9832832950949669,
  "std_precision": 0.032204251162953175,
  "mean_recall": 0.713746110022068,
  "std_recall": 0.08237509296408135,
  "mean_sensitivity": 0.713746110022068,
  "std_sensitivity": 0.08237509296408135,
  "mean_f1": 0.8237532927393914,
  "std_f1": 0.055185128860123604,
  "mean_bce": 0.0546960414260393,
  "std_bce": 0.05225364412213666,
  "mean_ece": 0.016424489414668644,
  "std_ece": 0.018393276558368744,
  "total_time_sec": 40.767757288999974,
  "avg_inference_time_ms": 10.901217577000125,
  "avg_data_time_ms": 0.5411483780007984,
  "avg_ood_time_ms": 1.703732076001188,
  "avg_metrics_time_ms": 11.484160920001727,
  "avg_post_time_ms": 4.111388707998685,
  "throughput_samples_per_sec": 24.529188419933558,
  "mean_ood_score": 0.018830841768765823,
  "std_ood_score": 0.02289776661993001,
  "num_ood_detected": 0,
  "ood_ratio": 0.0,
  "eval_config": {
    "mode": "ood_tta_ood",
    "eval_batch": 1,
    "eval_batch_source": "autobatch",
    "eval_workers": 16,
    "eval_prefetch": 4,
    "autobatch_probe_tput": 27.29106326980111,
    "autobatch_reason": "ok",
    "autobatch_raw_batch": 1,
    "autobatch_max_stable": 4,
    "autobatch_safety": 1.0,
    "tta_cache_model_hash": "0072d566130aa5a4",
    "tta_cache_aug_set": "none,hflip,vflip,hvflip,rotate_90,rotate_270",
    "tta_cache_fusion": "entropy_weighted",
    "tta_cache_hits": 1000,
    "tta_cache_misses": 0,
    "tta_unc_cache_hits": 1000,
    "baseline_cache_model_hash": "0072d566130aa5a4",
    "baseline_cache_hits": 1000,
    "baseline_cache_misses": 0
  },
  "bottleneck_component": "metrics",
  "bottleneck_component_ratio": 0.28169714705155985,
  "num_gt_boxes": 1000,
  "num_pred_boxes": 1000,
  "ap50": 0.9895176089087301,
  "map50_95": 0.6937658047945773,
  "ap_per_iou": {
    "ap50": 0.9895176089087301,
    "ap55": 0.9885049991526326,
    "ap60": 0.9832688656519237,
    "ap65": 0.9650053122681754,
    "ap70": 0.9425719713368528,
    "ap75": 0.8664758310214096,
    "ap80": 0.6900008273088872,
    "ap85": 0.3912600833369463,
    "ap90": 0.11756734149698145,
    "ap95": 0.003485207463233601
  },
  "ood_threshold": 0.5,
  "ood_method": "entropy",
  "dice_5pct_low": 0.7304430097341538,
  "jaccard_5pct_low": 0.5753527194261551,
  "f1_5pct_low": 0.7304429531097412,
  "sensitivity_5pct_low": 0.5774002820253372
}
