{
  "dataset": "TN5000",
  "num_samples": 1000,
  "mean_dice": 0.8408743317723274,
  "std_dice": 0.042699175140195056,
  "mean_jaccard": 0.7277383735179901,
  "std_jaccard": 0.06252246179625064,
  "mean_precision": 0.9951124557256699,
  "std_precision": 0.01689442020623024,
  "mean_recall": 0.7307392354011536,
  "std_recall": 0.06412131984202638,
  "mean_sensitivity": 0.7307392354011536,
  "std_sensitivity": 0.06412131984202638,
  "mean_f1": 0.8408743322491646,
  "std_f1": 0.04269917458202438,
  "mean_bce": 0.03784998646087479,
  "std_bce": 0.03498628581450303,
  "mean_ece": 0.01604016572344699,
  "std_ece": 0.016881342961238312,
  "dice_1pct_low": 0.728312515616417,
  "jaccard_1pct_low": 0.5727134716510772,
  "f1_1pct_low": 0.728312515616417,
  "sensitivity_1pct_low": 0.5731782233715057,
  "total_time_sec": 3656.7549753409985,
  "avg_inference_time_ms": 3534.0393612003827,
  "avg_data_time_ms": 0.19660746984300204,
  "avg_ood_time_ms": 1.2818997872673208,
  "avg_metrics_time_ms": 59.102045700201415,
  "avg_post_time_ms": 0.7860910671588499,
  "throughput_samples_per_sec": 0.27346650424855123,
  "mean_uncertainty": 0.01787147289584391,
  "std_uncertainty": 0.020233175939610017,
  "eval_config": {
    "mode": "ood_tta_tta",
    "eval_batch": 1,
    "eval_batch_source": "autobatch",
    "eval_workers": 16,
    "eval_prefetch": 4
  },
  "bottleneck_component": "inference",
  "bottleneck_component_ratio": 0.9664413899842517,
  "ood_threshold": 0.5,
  "ood_method": "entropy"
}