{
  "dataset": "TN5000",
  "num_samples": 1000,
  "mean_dice": 0.9800273493528366,
  "std_dice": 0.018383723274602963,
  "mean_jaccard": 0.9614302208423614,
  "std_jaccard": 0.03296337004092291,
  "mean_precision": 0.982388494849205,
  "std_precision": 0.01415765450144192,
  "mean_recall": 0.9782252407670021,
  "std_recall": 0.02941325920289849,
  "mean_sensitivity": 0.9782252407670021,
  "std_sensitivity": 0.02941325920289849,
  "mean_f1": 0.9800273470878601,
  "std_f1": 0.018383722985964062,
  "mean_bce": 0.005296461072575766,
  "std_bce": 0.022083374867139516,
  "dice_5pct_low": 0.9534082114696503,
  "jaccard_5pct_low": 0.9109647572040558,
  "f1_5pct_low": 0.9534082651138306,
  "sensitivity_5pct_low": 0.9490840047597885,
  "total_time_sec": 834.6660032710006,
  "avg_inference_time_ms": 64.91428767098114,
  "avg_data_time_ms": 0.43353057199965406,
  "avg_ood_time_ms": 3.162463787028173,
  "avg_metrics_time_ms": 6.4845321289813,
  "avg_post_time_ms": 3.1924771920057537,
  "throughput_samples_per_sec": 1.1980840193335616,
  "mean_ood_score": 0.0077554995641112325,
  "std_ood_score": 0.004497119463000542,
  "num_ood_detected": 0,
  "ood_ratio": 0.0,
  "eval_config": {
    "mode": "ood_tta_ood",
    "eval_batch": 1,
    "eval_batch_source": "autobatch",
    "eval_workers": 16,
    "eval_prefetch": 4,
    "autobatch_probe_tput": 16.963916972453127,
    "autobatch_reason": "ok",
    "autobatch_raw_batch": 2,
    "autobatch_max_stable": 4,
    "autobatch_safety": 0.9,
    "tta_cache_model_hash": "51450c6a3df26394",
    "tta_cache_aug_set": "none,hflip,vflip,hvflip,rotate_90,rotate_270",
    "tta_cache_fusion": "entropy_weighted",
    "tta_cache_hits": 0,
    "tta_cache_misses": 1000,
    "tta_unc_cache_hits": 0,
    "baseline_cache_model_hash": "51450c6a3df26394",
    "baseline_cache_hits": 0,
    "baseline_cache_misses": 1000
  },
  "bottleneck_component": "inference",
  "bottleneck_component_ratio": 0.07777277068502414,
  "num_gt_boxes": 1000,
  "num_pred_boxes": 1000,
  "ap50": 0.9942250000000004,
  "map50_95": 0.9631724351225607,
  "ap_per_iou": {
    "ap50": 0.9942250000000004,
    "ap55": 0.9942250000000004,
    "ap60": 0.9942250000000004,
    "ap65": 0.9884680000000003,
    "ap70": 0.9884680000000003,
    "ap75": 0.9884680000000003,
    "ap80": 0.9873706097560976,
    "ap85": 0.9809717259106838,
    "ap90": 0.9572608969979447,
    "ap95": 0.7580421185608799
  },
  "ood_threshold": 0.5,
  "ood_method": "entropy"
}