{
  "dataset": "TN5000",
  "num_samples": 1000,
  "mean_dice": 0.9780852755904198,
  "std_dice": 0.026867475918423925,
  "mean_jaccard": 0.9583213627934456,
  "std_jaccard": 0.046144956209442235,
  "mean_precision": 0.984142854988575,
  "std_precision": 0.012911855017997818,
  "mean_recall": 0.9734416659474373,
  "std_recall": 0.045749384517601584,
  "mean_sensitivity": 0.9734416659474373,
  "std_sensitivity": 0.045749384517601584,
  "mean_f1": 0.9780852749943734,
  "std_f1": 0.02686747468864189,
  "mean_bce": 0.006213295054156333,
  "std_bce": 0.02373943897026153,
  "mean_hd95": 5.477131353735924,
  "std_hd95": 17.83103213661557,
  "mean_assd": 2.2397464466392996,
  "std_assd": 3.6628575621745276,
  "mean_ece": 0.0015094663812051294,
  "std_ece": 0.004812219480425995,
  "total_time_sec": 4471.447772216001,
  "avg_inference_time_ms": 79.69469505699271,
  "avg_data_time_ms": 0.6555331209856377,
  "avg_ood_time_ms": 1.2332038110162102,
  "avg_metrics_time_ms": 282.1011945850332,
  "avg_post_time_ms": 1.3904204910177214,
  "throughput_samples_per_sec": 0.22364121218493196,
  "mean_ood_score": 0.008145437120343558,
  "std_ood_score": 0.005174941490390787,
  "num_ood_detected": 0,
  "ood_ratio": 0.0,
  "bottleneck_component": "metrics",
  "bottleneck_component_ratio": 0.0630894531158142
}