{
  "num_samples": 3500,
  "num_ood": 2,
  "ood_ratio": 0.0005714285714285715,
  "ood_threshold": 0.5,
  "ood_method": "entropy",
  "eval_stats": {
    "dataset": "TN5000",
    "num_samples": 3500,
    "num_ood_detected": 2,
    "ood_ratio": 0.0005714285714285715,
    "mean_ood_score": 0.14775790584619555,
    "std_ood_score": 0.06297172622131078,
    "total_time_sec": 80.56548025200027,
    "avg_inference_time_ms": 15.835491708290649,
    "avg_data_time_ms": 0.09810820663447624,
    "avg_ood_time_ms": 4.049267930529563,
    "throughput_samples_per_sec": 43.442923557985026,
    "bottleneck_component": "inference",
    "bottleneck_component_ratio": 0.6879400557863763
  },
  "dice_5pct_low": NaN,
  "jaccard_5pct_low": NaN,
  "f1_5pct_low": NaN,
  "sensitivity_5pct_low": NaN
}
