{
  "dataset": "TN5000",
  "num_samples": 1000,
  "mean_dice": 0.8237544852495193,
  "std_dice": 0.05518296717847685,
  "mean_jaccard": 0.7039986470341683,
  "std_jaccard": 0.07848359510429403,
  "mean_precision": 0.9832756551504135,
  "std_precision": 0.03221319614413034,
  "mean_recall": 0.7137506729066372,
  "std_recall": 0.08236695520864976,
  "mean_sensitivity": 0.7137506729066372,
  "std_sensitivity": 0.08236695520864976,
  "mean_f1": 0.8237544845342636,
  "std_f1": 0.05518296689278747,
  "mean_bce": 0.054698020421084945,
  "std_bce": 0.05226647320334893,
  "mean_ece": 0.0164248759792099,
  "std_ece": 0.01839520509824674,
  "total_time_sec": 50.39612894499999,
  "avg_inference_time_ms": 13.913785757999335,
  "avg_data_time_ms": 0.8483430189990031,
  "avg_ood_time_ms": 1.8661922479984696,
  "avg_metrics_time_ms": 13.256558074998338,
  "avg_post_time_ms": 4.593859016997726,
  "throughput_samples_per_sec": 19.842793899732932,
  "mean_ood_score": 0.018832091276417485,
  "std_ood_score": 0.022900516614777534,
  "num_ood_detected": 0,
  "ood_ratio": 0.0,
  "eval_config": {
    "mode": "ood_tta_ood",
    "eval_batch": 1,
    "eval_batch_source": "autobatch",
    "eval_workers": 16,
    "eval_prefetch": 4,
    "autobatch_probe_tput": 28.755503641674924,
    "autobatch_reason": "ok",
    "autobatch_raw_batch": 1,
    "autobatch_max_stable": 4,
    "autobatch_safety": 1.0,
    "tta_cache_model_hash": "0072d566130aa5a4",
    "tta_cache_aug_set": "none,hflip,vflip,hvflip,rotate_90,rotate_270",
    "tta_cache_fusion": "entropy_weighted",
    "tta_cache_hits": 1000,
    "tta_cache_misses": 0,
    "tta_unc_cache_hits": 1000,
    "baseline_cache_model_hash": "0072d566130aa5a4",
    "baseline_cache_hits": 1000,
    "baseline_cache_misses": 0
  },
  "bottleneck_component": "inference",
  "bottleneck_component_ratio": 0.2760883831610202,
  "num_gt_boxes": 1000,
  "num_pred_boxes": 1000,
  "ap50": 0.9895075748448423,
  "map50_95": 0.693835970868959,
  "ap_per_iou": {
    "ap50": 0.9895075748448423,
    "ap55": 0.9884949650887447,
    "ap60": 0.9832448461663208,
    "ap65": 0.9649800088407408,
    "ap70": 0.943511509351171,
    "ap75": 0.866441253602827,
    "ap80": 0.6891778362950174,
    "ap85": 0.3923473066230244,
    "ap90": 0.11717249738170754,
    "ap95": 0.0034819104951939826
  },
  "ood_threshold": 0.5,
  "ood_method": "entropy",
  "dice_5pct_low": 0.730415654182434,
  "jaccard_5pct_low": 0.5753187417984009,
  "f1_5pct_low": 0.7304156571626663,
  "sensitivity_5pct_low": 0.5775735318660736
}
