{
  "dataset": "TN5000",
  "num_samples": 1000,
  "mean_dice": 0.672157074637711,
  "std_dice": 0.10268881398076249,
  "mean_jaccard": 0.5147492018677294,
  "std_jaccard": 0.11154964551019879,
  "mean_precision": 0.9850296533107757,
  "std_precision": 0.030622163365933583,
  "mean_recall": 0.5203980837948621,
  "std_recall": 0.1176381102653894,
  "mean_sensitivity": 0.5203980837948621,
  "std_sensitivity": 0.1176381102653894,
  "mean_f1": 0.6721570738703012,
  "std_f1": 0.10268881474455836,
  "mean_bce": 0.098209486881271,
  "std_bce": 0.06670526115456184,
  "mean_hd95": 67.40869644737244,
  "std_hd95": 41.551296317773115,
  "mean_assd": 29.003608263969422,
  "std_assd": 10.310179059315981,
  "mean_ece": 0.03261678378889337,
  "std_ece": 0.018820587023029915,
  "total_time_sec": 232.08530912700007,
  "avg_inference_time_ms": 8.489473433995045,
  "avg_data_time_ms": 2.6391767670174886,
  "avg_ood_time_ms": 0.002524427996831946,
  "avg_metrics_time_ms": 202.76506904798225,
  "avg_post_time_ms": 0.9722574350007562,
  "throughput_samples_per_sec": 4.308760445723806,
  "bottleneck_component": "metrics",
  "bottleneck_component_ratio": 0.8736661092884022
}