{
  "dataset": "TN5000",
  "num_samples": 1000,
  "mean_dice": 0.9867267416119575,
  "std_dice": 0.01809392043149229,
  "mean_jaccard": 0.9743889179825783,
  "std_jaccard": 0.032939133862803026,
  "mean_precision": 0.9974814648032189,
  "std_precision": 0.0051156148289871455,
  "mean_recall": 0.9768265674114227,
  "std_recall": 0.03313130667408891,
  "mean_sensitivity": 0.9768265674114227,
  "std_sensitivity": 0.03313130667408891,
  "mean_f1": 0.986726739525795,
  "std_f1": 0.018093920066688127,
  "mean_bce": 0.006067194436385762,
  "std_bce": 0.012197025747254734,
  "mean_hd95": 3.8217149811983107,
  "std_hd95": 9.167677710402662,
  "mean_assd": 1.5199905126057565,
  "std_assd": 3.1196997962075312,
  "mean_ece": 0.004061788730708941,
  "std_ece": 0.006481244243418197,
  "total_time_sec": 4471.447772216001,
  "avg_inference_time_ms": 4088.772553388968,
  "avg_data_time_ms": 0.6555331209856377,
  "avg_ood_time_ms": 1.2332038110162102,
  "avg_metrics_time_ms": 282.1011945850332,
  "avg_post_time_ms": 1.3904204910177214,
  "throughput_samples_per_sec": 0.22364121218493196,
  "mean_uncertainty": 0.0028539399176079313,
  "std_uncertainty": 0.0035936898554066055,
  "bottleneck_component": "inference",
  "bottleneck_component_ratio": 0.9144180501883883
}