{
  "dataset": "TN5000",
  "num_samples": 1000,
  "mean_dice": 0.672157074637711,
  "std_dice": 0.10268881398076249,
  "mean_jaccard": 0.5147492018677294,
  "std_jaccard": 0.11154964551019879,
  "mean_precision": 0.9850296533107757,
  "std_precision": 0.030622163365933583,
  "mean_recall": 0.5203980837948621,
  "std_recall": 0.1176381102653894,
  "mean_sensitivity": 0.5203980837948621,
  "std_sensitivity": 0.1176381102653894,
  "mean_f1": 0.6721570738703012,
  "std_f1": 0.10268881474455836,
  "mean_bce": 0.09820948689430951,
  "std_bce": 0.06670526125215998,
  "mean_ece": 0.03261678385222331,
  "std_ece": 0.01882058709550248,
  "dice_1pct_low": 0.32243249863386153,
  "jaccard_1pct_low": 0.19220241263508797,
  "f1_1pct_low": 0.32243249863386153,
  "sensitivity_1pct_low": 0.19446000784635545,
  "total_time_sec": 79.06633205499384,
  "avg_inference_time_ms": 11.60109008521249,
  "avg_data_time_ms": 0.11624446790665388,
  "avg_ood_time_ms": 0.0023732497356832027,
  "avg_metrics_time_ms": 31.87892182383803,
  "avg_post_time_ms": 0.7736730147444177,
  "throughput_samples_per_sec": 12.647608330995544,
  "eval_config": {
    "mode": "baseline",
    "eval_batch": 2,
    "eval_batch_source": "autobatch",
    "eval_workers": 16,
    "eval_prefetch": 4
  },
  "bottleneck_component": "metrics",
  "bottleneck_component_ratio": 0.40319211724232945
}