{
  "dataset": "TN5000",
  "num_samples": 1000,
  "mean_dice": 0.6721691367253662,
  "std_dice": 0.10266978339589404,
  "mean_jaccard": 0.514759850744158,
  "std_jaccard": 0.1115294413428715,
  "mean_precision": 0.985023277759552,
  "std_precision": 0.03063632711897528,
  "mean_recall": 0.5204103535152972,
  "std_recall": 0.11761835457830441,
  "mean_sensitivity": 0.5204103535152972,
  "std_sensitivity": 0.11761835457830441,
  "mean_f1": 0.6721691365540028,
  "std_f1": 0.10266978410082654,
  "mean_bce": 0.09821253114007414,
  "std_bce": 0.06671151696015101,
  "dice_5pct_low": 0.4974188044667244,
  "jaccard_5pct_low": 0.33104292303323746,
  "f1_5pct_low": 0.4974188044667244,
  "sensitivity_5pct_low": 0.3336857810616493,
  "total_time_sec": 166.11917041199922,
  "avg_inference_time_ms": 25.366417444060062,
  "avg_data_time_ms": 1.533249359956244,
  "avg_ood_time_ms": 0.0025620229716878384,
  "avg_metrics_time_ms": 4.454850357975374,
  "avg_post_time_ms": 3.8227368869374914,
  "throughput_samples_per_sec": 6.019774825023852,
  "eval_config": {
    "mode": "baseline",
    "eval_batch": 1,
    "eval_batch_source": "autobatch",
    "eval_workers": 16,
    "eval_prefetch": 4,
    "autobatch_probe_tput": 19.28973256396926,
    "autobatch_reason": "ok",
    "autobatch_raw_batch": 1,
    "autobatch_max_stable": 16,
    "autobatch_safety": 1.0,
    "baseline_cache_model_hash": "a4e156790b9cf939",
    "baseline_cache_hits": 1000,
    "baseline_cache_misses": 0
  },
  "bottleneck_component": "inference",
  "bottleneck_component_ratio": 0.15270012113079864,
  "num_gt_boxes": 1000,
  "num_pred_boxes": 1000,
  "ap50": 0.8868661637227644,
  "map50_95": 0.4236860787227637,
  "ap_per_iou": {
    "ap50": 0.8868661637227644,
    "ap55": 0.8332619361833694,
    "ap60": 0.7555356400382065,
    "ap65": 0.667908090378387,
    "ap70": 0.549470795218306,
    "ap75": 0.34397988763808063,
    "ap80": 0.1641420779844689,
    "ap85": 0.03379373803313453,
    "ap90": 0.0018919763473139342,
    "ap95": 1.0481683605110944e-05
  }
}