{
  "dataset": "TN5000",
  "num_samples": 1000,
  "mean_dice": 0.840799124777317,
  "std_dice": 0.04271672630267316,
  "mean_jaccard": 0.7276278735399246,
  "std_jaccard": 0.06254017904523555,
  "mean_precision": 0.9951219845414162,
  "std_precision": 0.016883361870322126,
  "mean_recall": 0.7306222401857376,
  "std_recall": 0.06413568386181955,
  "mean_sensitivity": 0.7306222401857376,
  "std_sensitivity": 0.06413568386181955,
  "mean_f1": 0.840799123287201,
  "std_f1": 0.04271672606427957,
  "mean_bce": 0.037849711398943324,
  "std_bce": 0.03498739284647292,
  "mean_ece": 0.01604018470129813,
  "std_ece": 0.01688231069794535,
  "total_time_sec": 50.39612894499999,
  "avg_inference_time_ms": 12.89514026299787,
  "avg_data_time_ms": 0.8483430189990031,
  "avg_ood_time_ms": 1.8661922479984696,
  "avg_metrics_time_ms": 13.256558074998338,
  "avg_post_time_ms": 4.593859016997726,
  "throughput_samples_per_sec": 19.842793899732932,
  "mean_uncertainty": 0.017871778404689394,
  "std_uncertainty": 0.020233647014860013,
  "eval_config": {
    "mode": "ood_tta_tta",
    "eval_batch": 1,
    "eval_batch_source": "autobatch",
    "eval_workers": 16,
    "eval_prefetch": 4,
    "autobatch_probe_tput": 28.755503641674924,
    "autobatch_reason": "ok",
    "autobatch_raw_batch": 1,
    "autobatch_max_stable": 4,
    "autobatch_safety": 1.0,
    "tta_cache_model_hash": "0072d566130aa5a4",
    "tta_cache_aug_set": "none,hflip,vflip,hvflip,rotate_90,rotate_270",
    "tta_cache_fusion": "entropy_weighted",
    "tta_cache_hits": 1000,
    "tta_cache_misses": 0,
    "tta_unc_cache_hits": 1000,
    "baseline_cache_model_hash": "0072d566130aa5a4",
    "baseline_cache_hits": 1000,
    "baseline_cache_misses": 0
  },
  "bottleneck_component": "metrics",
  "bottleneck_component_ratio": 0.26304714970203236,
  "num_gt_boxes": 1000,
  "num_pred_boxes": 1000,
  "ap50": 0.998988,
  "map50_95": 0.7781836802723617,
  "ap_per_iou": {
    "ap50": 0.998988,
    "ap55": 0.998988,
    "ap60": 0.998988,
    "ap65": 0.9955894231764525,
    "ap70": 0.9901813353512415,
    "ap75": 0.9664794293886732,
    "ap80": 0.8799776853837153,
    "ap85": 0.6550206072260455,
    "ap90": 0.27071477964196256,
    "ap95": 0.026909542555526945
  },
  "ood_threshold": 0.5,
  "ood_method": "entropy",
  "dice_5pct_low": 0.7633128583431243,
  "jaccard_5pct_low": 0.6172239005565643,
  "f1_5pct_low": 0.7633128553628922,
  "sensitivity_5pct_low": 0.6190341413021088
}
