{
  "dataset": "TN5000",
  "num_samples": 1000,
  "mean_dice": 0.8879509769082069,
  "std_dice": 0.04171098504846957,
  "mean_jaccard": 0.8009736070036888,
  "std_jaccard": 0.06652742351029368,
  "mean_precision": 0.9921604963541031,
  "std_precision": 0.016349867664370427,
  "mean_recall": 0.8073830793499946,
  "std_recall": 0.07430397175087938,
  "mean_sensitivity": 0.8073830793499946,
  "std_sensitivity": 0.07430397175087938,
  "mean_f1": 0.8879509774446488,
  "std_f1": 0.04171098246004715,
  "mean_bce": 0.03768602397228824,
  "std_bce": 0.04676600382763788,
  "dice_5pct_low": 0.8120539158582687,
  "jaccard_5pct_low": 0.6835781097412109,
  "f1_5pct_low": 0.8120539665222168,
  "sensitivity_5pct_low": 0.6840575128793717,
  "total_time_sec": 795.0975685949998,
  "avg_inference_time_ms": 60.30869570098912,
  "avg_data_time_ms": 0.38304824796250614,
  "avg_ood_time_ms": 3.100525769043088,
  "avg_metrics_time_ms": 6.587714621973646,
  "avg_post_time_ms": 3.280871964972903,
  "throughput_samples_per_sec": 1.2577072795821511,
  "mean_ood_score": 0.01791321174474433,
  "std_ood_score": 0.02155892254335988,
  "num_ood_detected": 1,
  "ood_ratio": 0.001,
  "eval_config": {
    "mode": "ood_tta_ood",
    "eval_batch": 1,
    "eval_batch_source": "autobatch",
    "eval_workers": 16,
    "eval_prefetch": 4,
    "autobatch_probe_tput": 21.61416858899267,
    "autobatch_reason": "ok",
    "autobatch_raw_batch": 2,
    "autobatch_max_stable": 4,
    "autobatch_safety": 0.9,
    "tta_cache_model_hash": "1fd1b49c8bd21d7e",
    "tta_cache_aug_set": "none,hflip,vflip,hvflip,rotate_90,rotate_270",
    "tta_cache_fusion": "entropy_weighted",
    "tta_cache_hits": 0,
    "tta_cache_misses": 1000,
    "tta_unc_cache_hits": 0,
    "baseline_cache_model_hash": "1fd1b49c8bd21d7e",
    "baseline_cache_hits": 0,
    "baseline_cache_misses": 1000
  },
  "bottleneck_component": "inference",
  "bottleneck_component_ratio": 0.0758506856052388,
  "num_gt_boxes": 1000,
  "num_pred_boxes": 1000,
  "ap50": 0.9934760731618348,
  "map50_95": 0.8675771577813686,
  "ap_per_iou": {
    "ap50": 0.9934760731618348,
    "ap55": 0.9934760731618348,
    "ap60": 0.9934760731618348,
    "ap65": 0.9934760731618348,
    "ap70": 0.9934760731618348,
    "ap75": 0.9934760731618348,
    "ap80": 0.9803682971849856,
    "ap85": 0.9248081887525013,
    "ap90": 0.69214746833023,
    "ap95": 0.1175911845749612
  },
  "ood_threshold": 0.5,
  "ood_method": "entropy"
}