{
  "dataset": "TN5000",
  "num_samples": 1000,
  "mean_dice": 0.8237532915472985,
  "std_dice": 0.055185127839965015,
  "mean_jaccard": 0.7039971781075001,
  "std_jaccard": 0.07848610204874065,
  "mean_precision": 0.9832832950949669,
  "std_precision": 0.032204251162953175,
  "mean_recall": 0.713746110022068,
  "std_recall": 0.08237509296408135,
  "mean_sensitivity": 0.713746110022068,
  "std_sensitivity": 0.08237509296408135,
  "mean_f1": 0.8237532927393914,
  "std_f1": 0.055185128860123604,
  "mean_bce": 0.054696041474700904,
  "std_bce": 0.052253644871652696,
  "mean_ece": 0.01642448921581672,
  "std_ece": 0.01839327552410012,
  "dice_1pct_low": 0.6705570942163468,
  "jaccard_1pct_low": 0.5043895083665848,
  "f1_1pct_low": 0.6705570942163468,
  "sensitivity_1pct_low": 0.5043895083665848,
  "total_time_sec": 3656.7549753409985,
  "avg_inference_time_ms": 50.32204442998045,
  "avg_data_time_ms": 0.19660746984300204,
  "avg_ood_time_ms": 1.2818997872673208,
  "avg_metrics_time_ms": 59.102045700201415,
  "avg_post_time_ms": 0.7860910671588499,
  "throughput_samples_per_sec": 0.27346650424855123,
  "mean_ood_score": 0.018830841768765823,
  "std_ood_score": 0.02289776661993001,
  "num_ood_detected": 0,
  "ood_ratio": 0.0,
  "eval_config": {
    "mode": "ood_tta_ood",
    "eval_batch": 1,
    "eval_batch_source": "autobatch",
    "eval_workers": 16,
    "eval_prefetch": 4
  },
  "bottleneck_component": "metrics",
  "bottleneck_component_ratio": 0.0161624298315722,
  "ood_threshold": 0.5,
  "ood_method": "entropy"
}