{
  "TN3K": {
    "num_samples": 2015,
    "num_ood": 6,
    "ood_ratio": 0.002977667493796526,
    "ood_threshold": 0.5,
    "ood_method": "entropy",
    "eval_stats": {
      "dataset": "TN3K",
      "num_samples": 2015,
      "num_ood_detected": 6,
      "ood_ratio": 0.002977667493796526,
      "mean_ood_score": 0.24073667565624116,
      "std_ood_score": 0.10823714892343236,
      "total_time_sec": 69.88686605299881,
      "avg_inference_time_ms": 13.654916581083766,
      "avg_data_time_ms": 0.00923604067982921,
      "avg_ood_time_ms": 4.745249285860386,
      "throughput_samples_per_sec": 28.83231304823315,
      "bottleneck_component": "inference",
      "bottleneck_component_ratio": 0.39370282951331664
    }
  },
  "TG3K": {
    "num_samples": 2015,
    "num_ood": 7,
    "ood_ratio": 0.0034739454094292804,
    "ood_threshold": 0.5,
    "ood_method": "entropy",
    "eval_stats": {
      "dataset": "TG3K",
      "num_samples": 2015,
      "num_ood_detected": 7,
      "ood_ratio": 0.0034739454094292804,
      "mean_ood_score": 0.22376120002852481,
      "std_ood_score": 0.10697885963513919,
      "total_time_sec": 48.36554810999951,
      "avg_inference_time_ms": 15.460372122564172,
      "avg_data_time_ms": 0.02029061484411729,
      "avg_ood_time_ms": 4.108824893792054,
      "throughput_samples_per_sec": 41.661886998927685,
      "bottleneck_component": "inference",
      "bottleneck_component_ratio": 0.6441082763316404
    }
  },
  "DDTI": {
    "num_samples": 328,
    "num_ood": 0,
    "ood_ratio": 0.0,
    "ood_threshold": 0.5,
    "ood_method": "entropy",
    "eval_stats": {
      "dataset": "DDTI",
      "num_samples": 328,
      "num_ood_detected": 0,
      "ood_ratio": 0.0,
      "mean_ood_score": 0.15813819784671068,
      "std_ood_score": 0.05824545277645974,
      "total_time_sec": 13.647702161004418,
      "avg_inference_time_ms": 16.00486992036877,
      "avg_data_time_ms": 0.04283575934805856,
      "avg_ood_time_ms": 2.615090625201957,
      "throughput_samples_per_sec": 24.03334979988019,
      "bottleneck_component": "inference",
      "bottleneck_component_ratio": 0.3846506372978033
    }
  },
  "TN5000": {
    "num_samples": 3500,
    "num_ood": 2,
    "ood_ratio": 0.0005714285714285715,
    "ood_threshold": 0.5,
    "ood_method": "entropy",
    "eval_stats": {
      "dataset": "TN5000",
      "num_samples": 3500,
      "num_ood_detected": 2,
      "ood_ratio": 0.0005714285714285715,
      "mean_ood_score": 0.14775790584619555,
      "std_ood_score": 0.06297172622131078,
      "total_time_sec": 80.56548025200027,
      "avg_inference_time_ms": 15.835491708290649,
      "avg_data_time_ms": 0.09810820663447624,
      "avg_ood_time_ms": 4.049267930529563,
      "throughput_samples_per_sec": 43.442923557985026,
      "bottleneck_component": "inference",
      "bottleneck_component_ratio": 0.6879400557863763
    }
  }
}